"createdAt","externalId","userId"
"2021-10-05T07:00:13.326Z","da2f2006-2f98-4743-acd0-c5c1bfbf96df#HPT","01e12d14-8ec1-4719-a1df-e9395098e456"
"2021-10-13T05:44:58.908Z","81c6dc3a-c997-4137-a16c-99157c52e4a5#HPT","0bdeb7d9-bc14-4ce2-8e93-343c3d8a73f1"
"2021-10-04T00:55:54.323Z","875d1dfb-fb04-4dcf-bb5a-96cdbabe343c#HPT","0f3e05c3-8810-45a2-a18e-bf54856b9af7"
"2021-10-01T00:07:56.873Z","0a0f5a36-c3d1-483e-8e95-18090caeebc6#HPT","17123125-edf7-4d54-8ece-31be3d365c2a"
"2021-09-30T05:20:08.429Z","d7dc7406-b793-41d0-915d-1ecc41053b2d#HPT","17432ede-0863-43b1-871d-1fe189539290"
"2021-09-28T23:39:22.509Z","36d588ec-eb9c-42b8-8d59-ef6a176ad0e5#HPT","1d794206-26f7-423e-9fc1-0bf22f8d9a2f"
"2021-10-05T06:25:55.209Z","30393566-f02c-4a18-a2c6-f0a4de7d4f41#HPT","1f39aafc-8785-428c-83d1-2376b5feb74f"
"2021-09-29T00:47:29.774Z","a3248cf7-1483-41b7-a4b1-53a80bee2ad1#HPT","20522063-e89d-44e8-b8a2-8ab10845c253"
"2021-09-30T06:45:52.839Z","94140790-b676-47c4-ae13-57c4271948db#HPT","20dc2672-bf3d-4322-bf4f-086b3f66a43b"
"2021-10-13T01:13:18.656Z","e77b5515-294e-4340-b345-28cc0e08bc28#HPT","291d193c-8be2-44d1-9215-0e6c50b61e0e"
"2021-09-28T00:54:12.234Z","aacce3ec-e60e-44f7-9c8b-9a0d28f61c33#HPT","2a46b070-4767-480f-9bd1-0ce150cc8418"
"2021-10-15T02:27:59.945Z","8c6ba48b-4fea-4b4f-a1ae-a8ca3305b21e#HPT","320132b0-3f80-4ad1-b0e9-a860e0ddaa1b"
"2021-10-08T00:45:07.115Z","74dbc9f8-002c-4663-83ad-21f38bec3b52#HPT","34494091-5212-4729-bb25-0b10efc97d58"
"2021-10-15T08:14:06.629Z","97243b2d-9bb6-4897-9e8d-93e909e46983#HPT","3d4dfba6-798e-4d64-9661-3e32f0afdc95"
"2021-10-15T05:16:34.298Z","ead39f8d-cdd6-4282-a65c-b9fa3fecfe23#HPT","3ffa76c6-ae69-4591-81ba-3506753a6c84"
"2021-10-04T09:00:52.193Z","82049e24-c392-46fd-a43c-6a9ef82f670b#HPT","46786212-63b0-4a6a-a4b6-a13a0196514e"
"2021-10-05T08:04:15.778Z","42dcb9c5-4b7d-4239-935b-d88676c1c4dc#HPT","4e9500ad-bee8-49ab-984c-7816a985c8da"
"2021-10-04T01:17:59.202Z","93ab874a-178b-e811-a51b-065f382ed518#HPT","505bb0fb-9952-48dd-bf04-a439adcf82b7"
"2021-10-03T04:34:04.476Z","a918b347-998f-466c-b4e5-3cc817718b80#HPT","5ef08bbf-84c3-471a-8a57-4e8302775f72"
"2021-10-14T01:15:47.046Z","0dde78f6-b6b9-42d5-8997-e0d784a18d65#HPT","62221a73-d49b-49eb-84af-5168a61f97db"
"2021-10-09T13:14:15.508Z","b4ef8afd-61e7-4d77-bc7e-bad45c4f643e#HPT","6c65434e-5825-4571-b203-ea1e79aa0dc0"
"2021-10-14T05:54:11.464Z","cb154894-3358-4a54-98de-3db2bd21bf28#HPT","6c912d79-5aea-40b7-9abc-4bc64da9dd7f"
"2021-10-04T07:09:56.761Z","2e44a390-74ac-416a-a2de-6515445047d2#HPT","6cbb8102-5f10-4b97-ba4e-919e02ae5140"
"2021-09-30T10:47:01.308Z","3507849c-53ad-49ed-a746-51a9d5a9168c#HPT","821969fa-a04a-43c7-91aa-d083820f734b"
"2021-09-28T13:19:34.588Z","009288a5-74ea-4b79-a8af-ad5bc9ea94d0#HPT","85a3c335-194b-4c3f-8a89-bd9d0514840d"
"2021-09-29T01:12:46.812Z","59301a57-9f27-44dc-b44b-de37e7390333#HPT","86ca291a-af00-4c64-9685-24b166656d7c"
"2021-10-13T05:10:46.748Z","9744830e-5b04-41bc-b7ac-f3ac9ec35ae1#HPT","8d4897e1-19c2-496d-b7e4-4d6fd07eb0a2"
"2021-10-04T06:04:15.304Z","c8e772da-f6d2-45b7-8917-8c65f5424c34#HPT","970cdffc-a745-4ff9-9ba7-54b58c2ca47c"
"2021-10-09T04:48:50.608Z","7128403e-e5fa-43c7-a7d7-2c711d3fd374#HPT","983df499-58cc-4a7c-a7d7-93b4e94a186d"
"2021-10-06T10:48:09.021Z","576bc0f4-dbf0-45fb-bd4c-1b5b22973c11#HPT","9a8a7aa0-e9f9-49b8-8866-3fa27730565e"
"2021-10-03T10:48:26.813Z","9744f125-5561-4b71-a207-14f742f9abe7#HPT","ab15b4e4-ee6b-45ef-9045-bccce8a47056"
"2021-10-08T07:05:37.932Z","446e6f7f-14aa-4cf9-80d3-c569169886e3#HPT","ab656072-359d-4b57-b68b-56cbdbafc0ac"
"2021-10-07T00:05:56.126Z","b17d2ab3-da5e-4212-93b1-2172ce80a443#HPT","adfde515-7648-4e17-928c-dd5dcad0455c"
"2021-10-04T04:11:58.650Z","d86df5af-8b1d-4343-96f0-a1252e78a403#HPT","bf9539b6-1f10-4a52-bd0d-1e1ca1937cca"
"2021-10-05T10:24:19.490Z","428e9a02-92a5-465d-aa7b-d4f04ce2b926#HPT","c4cb9872-6541-42b1-9d5c-ab03f59e5f5f"
"2021-10-06T23:04:34.729Z","fc4f2f39-f905-44b3-9267-1db6255751e1#HPT","c7a38902-bf18-4929-9dab-3f02d49848b4"
"2021-10-04T08:12:20.284Z","aec04aac-559c-4c7a-a675-9b505163a306#HPT","cf332280-1254-4927-990a-7f4b517c1cc2"
"2021-10-07T05:27:39.156Z","630cfea0-b08e-48ca-89e2-97938319d831#HPT","cf82fbea-7fad-465a-b545-5c950bc3cf14"
"2021-10-02T11:10:31.505Z","36d320f6-1e09-42f6-9365-a270ec41c012#HPT","ddae0623-e329-4444-8131-eebe98a7e0ff"
"2021-10-06T06:41:59.045Z","3615b8f6-7657-4374-94f5-b62b04c5d736#HPT","dfab5ce1-ea4b-4b16-b972-a45a1d3cf5f3"
"2021-10-15T03:29:29.121Z","797d0c21-73a4-4235-9bdd-a8c6e0b33318#HPT","f351d811-5a68-4372-8957-bbe8f0eec9c3"
"2021-09-30T09:08:46.720Z","5e890357-21be-47ab-b3bc-22aebdf0a986#HPT","fb6ddaac-0978-495d-b79d-ead6c8c5f14d"
"2021-10-06T04:40:40.692Z","c84f2a49-b0e6-4ef0-883f-705a833453ed#HPT","e7bcb7ae-f5c8-4dab-8fb8-5cbb60e04e42"
"2021-10-05T23:44:36.753Z","2851ea56-9272-4034-b2d3-e0bf346ba4c7#HPT","eb5f6ef5-e3e9-4d06-964c-53fd94eb71ce"
"2021-10-01T06:01:24.120Z","19f0955e-7541-4127-95a2-069529b1c158#HPT","ee1aed05-e2cd-4c8b-8b1a-f3d459a63ee5"
"2021-10-08T04:59:43.655Z","2b434d14-876c-4d9d-a045-56e5497a0d2f#HPT","ef8f188e-b02c-474d-9502-264be5ee734b"
"2021-10-04T04:38:13.104Z","70d0539a-c789-4ddd-bee4-ca164675478a#HPT","f04a8352-d687-4ba9-83a4-cc5aefa7a2f9"
"2021-09-29T23:29:11.447Z","6726fd6a-05c3-4af0-ac88-7a6e9a51b5d5#HPT","a0c9ab83-e5e8-4080-8058-b4d42068191d"
"2021-10-05T09:46:14.588Z","776aeee0-0801-481e-b1e5-982c671b72cd#HPT","f263db98-397c-4e2e-8768-83bb0ec4dc5e"
"2021-10-07T03:43:53.865Z","bb44ac99-309b-483a-9f6c-7ac3316cf1ff#HPT","a963ed92-6d6f-4ccb-95a7-4171dd2909b3"
"2021-11-04T23:20:05.365Z","40669ed4-d4c7-4a2d-8577-6bb9e67b19c2#HPT","01d7d2b2-7585-4b32-a3fa-3692df502560"
"2021-10-19T09:18:29.153Z","632517ca-d2fa-49b0-b019-6bc08fa6bb55#HPT","14e3fe05-0f19-4a90-954c-c12bcd0692be"
"2021-11-02T12:14:23.683Z","396f726f-6942-4ed5-ab6f-d6844cef649c#HPT","15fc3481-c701-4d12-9404-0c04dfd5a4a9"
"2021-10-27T10:56:59.037Z","f4552db8-53ca-45c6-8434-c8f08905a77a#HPT","16f9ac34-b8e0-4df6-8f7c-c67e2fedc99e"
"2021-10-19T09:44:36.532Z","a267a2ee-edd2-4e0b-b72c-18f2f0dd7c73#HPT","1e8619e5-01eb-4c3d-906c-a40e05d06fa0"
"2021-11-10T05:05:37.939Z","651bb95e-1b77-4104-b398-13d88cc687e6#HPT","1e9b6151-bc2f-4130-ae1e-af5f7a01d198"
"2021-10-28T09:15:27.448Z","ca319d83-7bf4-4e51-bc8d-856efe4a5a54#HPT","221c392a-4cba-4599-ae1e-ff9af86d062d"
"2021-11-01T06:04:26.701Z","b4d4cdfa-96ac-45f4-ba12-e6e0107826df#HPT","259197ed-e9c5-45ab-ae74-40a06f309faf"
"2021-11-06T04:13:24.344Z","fe0573a0-aefb-4b92-8583-552a1cf3c3ef#HPT","449e5cf4-923e-453f-9593-ee094fcf5171"
"2021-10-22T21:28:19.673Z","c9253641-1436-4b62-b65b-f157e4a3f2aa#HPT","46d1bb63-2016-4a6f-9d11-e9707c4962b7"
"2021-11-03T00:24:10.796Z","db719f7a-3d46-4d7d-a60f-0792a3266d83#HPT","50ed4118-5822-4778-bb0b-7cc9abdb9d36"
"2021-10-22T13:11:32.857Z","07fae20e-0bbd-45b4-9f96-27119b28515c#HPT","532eaeae-c352-4c85-bb3c-59082b2b6b21"
"2021-11-02T23:35:12.204Z","020e76bd-bf3c-47b4-9c25-f157941170e8#HPT","56da4b61-fa56-4266-8b1b-3c2784677604"
"2021-10-19T20:59:35.945Z","945f4628-c39d-419f-b19a-2dee7d7df8ea#HPT","612eb9b1-3ef2-482a-97ed-02ad860460a5"
"2021-11-03T01:08:45.491Z","734b8b1c-31aa-43e7-828c-fa7c5d84ed8e#HPT","6313de31-71ef-49b9-9376-43757b4ac078"
"2021-10-30T11:13:19.997Z","6fd89472-2cd4-4340-9172-c62d027cae9a#HPT","7188c028-6eb5-4ac7-af7a-bc082ec7bb94"
"2021-11-01T08:28:54.289Z","d126e4ac-0709-4099-8c25-f970497774b3#HPT","744654de-c758-4f08-97a8-51c26b7c1fff"
"2021-10-23T04:41:30.463Z","05bb84fe-1197-4f74-bfe4-60669d638b65#HPT","76c0f3a1-d1e9-429e-bd5c-a3c0bcacf74a"
"2021-11-02T22:04:47.930Z","612db4f3-907a-47c9-86c3-9e00aeb6cf8a#HPT","7bb38592-7f18-4d12-abfd-3890857a0979"
"2021-10-26T08:00:07.774Z","00a6410d-11e2-473e-bd28-e99413213439#HPT","7d238234-d6a7-40c5-86e4-0b941c525bf4"
"2021-10-22T00:28:02.385Z","08969732-848a-4e55-89f0-a1c30b142b11#HPT","837deb71-ccb9-4e83-9f40-6bfb87521a97"
"2021-11-08T00:59:54.045Z","592bb39a-4a9b-4125-8575-f2a3c575906e#HPT","87d919a8-6720-48a1-be70-3fd08cae5643"
"2021-10-22T09:56:58.117Z","5d6d8073-e50f-46a2-bbee-2e40de025ecd#HPT","88e60e21-f440-49e8-97b8-8ebc299bca40"
"2021-11-08T06:13:24.856Z","1de2ae48-dcf8-4b24-995a-7924f8fa8bb1#HPT","89e005a6-5cc7-43a2-9e02-2980d72312cf"
"2021-10-20T03:31:36.318Z","3f1935e6-fe78-4f63-a606-2705c68c0743#HPT","95d956ab-ee1e-495c-9fec-453afc6f3a51"
"2021-10-28T03:13:30.981Z","101c0edc-fbf7-43f2-814c-1d6dcdbeeff2#HPT","98ec0ea2-cfc2-4637-b7bf-90c58054ebef"
"2021-11-04T00:18:05.941Z","1342bf13-c24a-46af-9b67-234ae09c9546#HPT","a848e3cd-9d8d-4f2c-bd7c-16b8068affee"
"2021-11-07T07:52:37.661Z","58a61768-89e0-4038-95fb-f464d4dad314#HPT","ad255008-7ce2-4c6d-bdc9-9dfa369687f6"
"2021-11-06T01:05:48.428Z","c60c00e3-3293-46be-9265-7dd236d11927#HPT","b5d18f1f-2c5a-46b4-abe7-cb664fe2ede9"
"2021-10-18T07:18:20.351Z","bd7b9323-a35d-48b2-a730-b764f585256b#HPT","bac73414-332c-4895-b38b-c46e86eb0040"
"2021-11-07T02:21:16.179Z","76710a3a-da44-4e64-b807-0c5a3c5e7ec6#HPT","c6cd9cd3-c4a5-40a1-a4a5-7cf2640095de"
"2021-10-19T21:52:09.365Z","fc16179e-f3f2-49ec-9b69-ba846de508c0#HPT","d116ae26-ae94-4f39-ba13-4df7722ff7ad"
"2021-11-09T08:02:13.526Z","dd941099-5284-4953-be90-a40af64c2d99#HPT","d544e1e3-726a-4766-be53-4303f63d9bbd"
"2021-10-21T05:31:55.076Z","f0495025-f65e-e811-a51b-065f382ed518#HPT","d5742012-1667-452e-ae93-67f96edd5508"
"2021-11-10T09:11:51.299Z","990e8786-e8c6-4d83-a147-11860b74fbf4#HPT","d9ebe6ca-a4da-4bb6-bc61-b58686157a20"
"2021-11-05T04:54:24.133Z","a509d56e-c128-4e24-9317-8daf0e72d97d#HPT","dc8419b0-63a7-4842-be65-7d03aaaa67a0"
"2021-10-20T05:27:00.165Z","70008cdd-338a-e711-829e-02b28e764557#HPT","dd7f700d-3d0e-4ff4-9b13-658407425564"
"2021-10-17T07:56:43.405Z","194cfb69-7759-48ee-a3f5-33bc816b302d#HPT","e30f283e-cb2d-4a7b-9037-a198bc0c8bbf"
"2021-10-22T00:20:56.585Z","101e52f7-9518-4996-90a0-60b92efaec2c#HPT","e70980e6-3ba9-4f85-b927-8028dc15706e"
"2021-10-26T05:41:07.504Z","11199a77-095c-4cfa-ad3d-e63efaf98190#HPT","e7640ecc-4771-46d5-9ad7-495e04568e44"
"2021-10-27T01:22:07.760Z","f2e86ac4-bf43-4223-a05a-4610a6acd10e#HPT","fbdbf4f4-5c05-4c2e-bb58-30d4f40750ad"
"2021-10-16T09:07:08.817Z","e94eb07f-2421-4a45-b4a2-0030b5f03dc6#HPT","fe14c737-61f2-4e26-b42d-cf4f12d46418"
"2021-10-17T04:13:12.908Z","96b8e1d2-5759-4e66-9143-6b7576acb877#HPT","e93d893e-8d7f-404c-b397-1ae282e034bc"
"2021-10-20T11:54:36.079Z","17ae5ce9-cb58-40a2-99e5-03ffab3442cf#HPT","ec3d37d5-6f80-4ac6-8940-9a348e63f17a"
"2021-10-15T13:06:47.070Z","b9770374-19be-4711-92bf-878fdfdf8a02#HPT","ec62506b-4dc5-498a-8928-e4b60b225624"
"2021-11-09T21:49:16.868Z","1adcd533-ad6c-4ac4-9400-767cb2913f50#HPT","f1cae5d8-17ce-4e0c-9abd-ee83bf842c73"
"2021-11-03T01:44:28.400Z","2a30bcaa-9435-40b8-be2c-afd3c605b55e#HPT","f35ff08b-ec69-4b41-a1a1-ff217bf849dc"
"2021-10-18T02:18:13.698Z","2a6bf5ad-d6d5-4be6-818b-23792348235c#HPT","c0a2426c-7085-44ff-a093-629aae85b9d8"
"2021-10-28T02:25:46.646Z","c2b986a7-327c-459d-9e54-4f68efc19890#HPT","f8054750-156d-46e7-a07c-17e6da9b96f0"
"2021-11-06T08:05:22.986Z","1f56fedf-b15c-4025-a74b-c1df58b173ce#HPT","c2828f3a-e135-4163-a271-b762147b3154"
"2021-11-15T10:28:27.985Z","a6dc3251-bd0b-4460-b400-7c2e0f70439a#HPT","00d4245b-ec58-4dc5-8821-647fdddf9f66"
"2021-11-19T00:18:09.578Z","4728e3f4-ba77-4d72-98fb-d4868a8bbc12#HPT","02763745-2816-47ca-b98d-71021ca2ec16"
"2021-11-15T02:38:57.104Z","dc14ef6d-7816-43e2-b286-aeaf03582fe8#HPT","0523dc69-136b-4e11-90fe-3eaa88cdab9e"
"2021-11-16T10:15:44.579Z","4ad9df26-0d3e-487d-ad9f-4ab67d3c43a2#HPT","0536dbda-e7cc-404d-8f95-1d0d35e4f7bf"
"2021-11-27T00:26:30.166Z","2bec0401-a719-43ff-b8b7-db4933541256#HPT","0ec34764-cea7-44bb-b908-0fffa1210edb"
"2021-11-13T03:01:01.471Z","3cbacdc5-0eda-445c-a322-6c09b780580a#HPT","146edbd4-8b5f-491a-80b7-39cf830f0d1c"
"2021-11-18T08:00:13.672Z","fe00caf6-9677-49d3-b678-46fbe7dae742#HPT","16175d38-ab07-40cf-8aed-e81eb7a5d42d"
"2021-11-25T07:03:27.592Z","dc543a3a-2adf-4457-9633-770065585ecf#HPT","16c13933-8e09-4caf-8d86-6f2e5e21ea1a"
"2021-11-22T12:30:08.829Z","1c8ef014-d956-4c28-b942-2e36cf33eb73#HPT","1aa1b4e6-6509-4b75-b3d8-b5b570aa6380"
"2021-11-19T05:09:29.639Z","a2ab905b-e06c-4d3c-8300-fa7f943475a3#HPT","20ef5d63-6298-40d6-af70-747b7e3c1ee5"
"2021-11-23T06:50:06.183Z","d79d84d5-83d8-41e0-8232-3505eb6f9a06#HPT","2ccbaec4-48e3-4aa4-8798-b1da1a27ebb7"
"2021-11-22T11:11:06.772Z","8db5e547-ba50-4fb3-8315-84758ff17532#HPT","2fd3fe49-abb7-4238-9e2a-16ee1c498f21"
"2021-11-13T10:26:12.488Z","2ec3b09c-320c-4a11-909e-3e32785f1c12#HPT","3083ca2b-eaea-4f6e-b810-c019205bd18d"
"2021-11-13T00:32:53.908Z","163d41ed-c098-4a37-9f98-72d58767226f#HPT","34964ee0-7d94-425a-9b9d-ecae1fb11c6a"
"2021-11-15T03:45:12.724Z","f55b778b-be00-4505-a51d-81d473cf41b6#HPT","51f8c501-7b00-479e-b23d-2b5013aa0015"
"2021-11-12T05:44:32.337Z","6cc5762d-ff6e-409d-b943-229a1a1ee99b#HPT","555b55a2-655b-4dc8-85b8-836e3b447d49"
"2021-11-30T00:17:40.966Z","70371ef2-2e95-4fcf-8f60-0e31cf0e3b1c#HPT","5bf5bbb8-8386-4504-8e6b-63a7f53d0fe9"
"2021-11-24T23:37:34.772Z","4b2e2a95-d255-4a80-9881-9e3e0cef3d24#HPT","6bf679c3-36af-452b-9115-6b70447fd1ea"
"2021-11-15T05:38:20.171Z","a16e9e4b-a5cc-4f36-8ae4-1393c1e9d136#HPT","6d61afe6-13cb-4fe5-a597-536dc093c301"
"2021-11-21T11:00:34.065Z","eeb474ee-7ad7-49bc-8a56-50db9e3630d1#HPT","776bc842-a178-4fa7-930a-1e1c2716b6d9"
"2021-11-16T08:18:11.171Z","ee022197-d0df-4e72-998a-9db499b77dfc#HPT","77f6a6bf-2b23-4f72-9a9e-54ab51b4d605"
"2021-11-22T01:58:47.302Z","92a435a4-7b50-4346-acba-1d87dd946bdb#HPT","78223cbb-5fa4-4ca7-bc07-576b0132b0c5"
"2021-11-27T10:27:33.640Z","203c9b00-eb5c-4c26-8a11-60fdb9502b25#HPT","7dbfdf51-b0a0-46b6-b0a1-2fc44cbebef4"
"2021-11-13T01:15:12.850Z","eae0813b-3432-48ae-ae3d-5701c3349402#HPT","82e515fd-fb24-4af5-98c3-7dd004241a2d"
"2021-11-23T23:27:53.049Z","8de4852d-4c1b-49f8-b2cc-a76c3c82a439#HPT","86476a76-7a2e-4efe-9e63-252acde2356c"
"2021-11-28T19:52:28.958Z","c59478e1-48a0-496b-8d89-2a55c7f7a118#HPT","8831e923-122b-432f-8fc0-75210bc9957a"
"2021-11-22T05:51:42.176Z","433f94ed-f21b-4107-9f95-3873bd77f3ea#HPT","8c38921c-de88-4cae-835a-0fe9dbc0ccaf"
"2021-11-19T09:21:47.472Z","ba544d81-4d91-4301-86fb-f6daad0ac3fe#HPT","8d757cf0-00ed-46a1-88ea-db525e7441fb"
"2021-11-11T06:12:21.903Z","2069cadb-daaf-4247-b29b-7a06acdd7cb0#HPT","8f56c95c-f130-426a-b66c-a220ace864aa"
"2021-11-12T06:14:32.172Z","f938a103-c862-4931-8698-c8b1f6cb7ec7#HPT","928cde51-46b9-47c0-8bf2-b0557a030a97"
"2021-11-25T09:20:48.396Z","3bd100ce-64a7-417b-a908-361d20db620e#HPT","9ab0dbbd-f8bd-4de2-8b5b-96bf90d522c8"
"2021-11-22T17:31:50.270Z","f44a858b-262d-e811-a51b-065f382ed518#HPT","9ec50910-4a0c-4992-a7bb-a56beaf742aa"
"2021-11-16T07:51:51.565Z","d2ba5d81-9186-4f1e-b33d-3528e8cd6584#HPT","9f94f179-ebe8-4165-ba49-db5a688de003"
"2021-11-28T05:38:47.599Z","ee744da3-4d70-48ff-bb03-4be4a954504e#HPT","a3b8e0ff-1748-43d3-8073-b58b168f39d3"
"2021-11-25T10:35:06.308Z","b40ca9f4-0236-4b62-a9cd-6bed7d330702#HPT","a8363371-e627-4e54-9aba-bbe4fae74bec"
"2021-11-19T12:24:22.672Z","07f3ec43-5293-4137-9baf-de8800108fa8#HPT","aa7aa108-1c70-4b32-9584-3ce829905be9"
"2021-11-10T11:31:06.833Z","e405d50e-9de4-4db1-b92a-6eae487db900#HPT","b185409c-3c59-4efc-bc44-391fbc4aca07"
"2021-11-17T02:54:36.358Z","8949348e-9216-404d-9d9f-ad542f9d1626#HPT","b25ffebb-bcca-4e29-9ea8-7fccf827e8cb"
"2021-11-19T22:53:07.088Z","a783141e-cebe-41ad-88bc-54bb9b5ca509#HPT","c408000b-7355-428d-85ec-050812262f4c"
"2021-11-18T11:42:27.899Z","07734033-fc27-4b16-a60f-4b0cceeeb071#HPT","c41d3209-ae0f-41b0-90cb-6fbae93d1b9a"
"2021-11-16T10:51:28.364Z","1153d1c2-dd0e-46d6-818d-a3d9e78c6ab2#HPT","f81b2bac-b223-4ad8-bb42-273fbf109666"
"2021-11-12T11:12:07.250Z","8f2230fc-e566-40e9-8b73-2a83e3d6a1ec#HPT","ffdb4614-97a9-44fc-9e25-6b58acdeed91"
"2021-11-27T09:17:36.886Z","4eae989c-87a4-4eed-8b18-b54ebb4ad699#HPT","cd3a756b-41ff-4742-ae0f-3a02808e2abd"
"2021-11-28T13:53:58.686Z","1be0ed46-98ec-4fa9-8326-477e78065d1b#HPT","cf907d41-8533-4c30-9fa4-55511348b85e"
"2021-11-15T23:47:29.779Z","17c7b1aa-fafc-4e06-b3bd-b7ce6f77c8aa#HPT","e8f8d924-fa44-44f3-9254-18d0f4067a0a"
"2021-11-20T00:58:13.298Z","3618b1db-46ab-43be-b61d-b92cc029959f#HPT","efa7ceb8-1f80-4e29-a9f7-2a78637974a4"
"2021-11-14T07:56:14.165Z","1783396a-8ced-45dc-89b9-04f760a27cd1#HPT","f522d7f4-b6a6-4f71-9dc8-9a6cf2741e77"
"2021-11-17T07:47:06.573Z","c0186ad9-7270-4f08-a6cb-5f769abb5d9a#HPT","99b7ef24-40e8-446f-a022-bf1f87c019b1"
"2021-11-13T04:47:26.839Z","2b00134a-4197-489b-92df-f6573d4566b0#HPT","f593741f-6ca8-426e-991f-f77cfc86fd7c"
"2021-11-10T13:59:03.445Z","fc154897-3bc3-4ddc-960f-1499e893fd86#HPT","9a733968-31c1-435a-8eee-478eda61d064"
"2021-12-12T07:44:05.871Z","71697770-801b-4666-a897-47e65367a1be#HPT","02ea10c9-baf2-4b60-95f7-ab9f745128c4"
"2021-12-10T08:46:34.379Z","8bcff14f-10cd-45d9-862c-eb99a97ceaf5#HPT","139d9acf-0d03-49de-8dd1-63465bfd9d04"
"2021-12-10T00:52:06.610Z","71411bbd-1c91-492b-b40b-2b2add31f866#HPT","16753205-ff70-4e06-8b68-1126b72a2650"
"2021-12-05T09:20:19.007Z","111fee62-935c-e811-a51b-065f382ed518#HPT","27d6cebd-c69d-4e19-b7d2-db9a1ae691d8"
"2021-12-08T04:34:41.707Z","d3fd06a2-35af-41ab-aec0-42ed4a8fae4d#HPT","35634fd3-1b1f-4d09-8206-99c52f087b1c"
"2021-12-09T01:07:40.545Z","bca8378e-3052-4e74-9b6d-3724df40a8d5#HPT","400478b4-ccfb-4604-ad66-e26d17484672"
"2021-12-11T04:05:47.458Z","5b768285-b963-4557-8554-dc673f6e51b2#HPT","45c0062c-1340-4361-a5a2-4135b3e0efe2"
"2021-12-14T09:34:12.345Z","5c255af2-a8fe-46f6-bfcc-5ed9eaa869e3#HPT","532d1115-63a4-4e98-a25a-08e48001064b"
"2021-11-30T11:03:21.990Z","375f7d06-5e0d-4fcb-8635-9cac70c5ab38#HPT","55dbc9b4-34d8-462b-a47d-61356f72d713"
"2021-12-14T12:52:45.336Z","2b2b277c-6eb0-4d23-a801-810c9febe0fb#HPT","5603d35f-c5a0-4563-91db-407621849486"
"2021-12-05T08:45:08.011Z","0ca4a063-b387-48b1-9581-da7f154541a9#HPT","5ee52c1d-f532-4da5-8954-a052f69ab28b"
"2021-12-02T02:00:30.086Z","d2da02cf-9646-4875-abb2-dc115b25449c#HPT","6061f983-1a81-4d3b-90ff-1bcfcbea0f19"
"2021-12-07T09:34:45.388Z","a028c8db-5e20-4033-9f73-b00bcc87b6bc#HPT","609f967e-19da-4c77-a82a-a347f8ddf327"
"2021-11-30T11:53:22.388Z","5b1b9659-1778-e811-a51b-065f382ed518#HPT","63bd3c08-5c65-4995-afcc-e531d33fa3d6"
"2021-12-06T06:24:58.910Z","2982a374-c29a-4b32-b1b9-92272a9acd13#HPT","65110465-c744-422f-867d-29cd5c7fa189"
"2021-12-16T10:41:42.526Z","645ac290-3b11-4423-9acf-dc53bbc66387#HPT","65b6d004-6cbd-4e40-bba5-355468f4d0f0"
"2021-12-02T23:31:00.631Z","c5abc8e7-4e84-41cc-9bd8-df0bc29f0a20#HPT","6656a8b1-c2fa-46b5-9c25-1b9d732e2403"
"2021-12-07T11:47:13.541Z","f0d297dc-c89d-4cb0-a40d-92285ab03983#HPT","68ffeaeb-5d86-469e-8784-7a52dfc1013d"
"2021-12-10T08:49:29.935Z","238b3ae2-7613-4d9b-a8a3-fe1962daa93b#HPT","6b2e8d01-796d-4ac2-a726-1c8b23c57da2"
"2021-11-30T08:41:00.086Z","ff28cc20-21cd-4b07-b4d6-fec651269990#HPT","6b93cb5d-83f4-42e0-8742-3b65d8315f69"
"2021-12-15T06:45:54.538Z","b324ac8a-6723-4a06-8fe8-8535a946dab8#HPT","6efbedad-3d57-4040-87a1-1162a14613b2"
"2021-12-16T08:17:12.657Z","006cdb0a-d2e4-499c-bb8c-275432c59845#HPT","74aec970-cf56-4ae1-9601-50a5026780d1"
"2021-12-17T21:34:26.876Z","b4d8073e-a22f-4841-a5b0-b69fe13375f7#HPT","78eec08f-5d20-416a-b3db-3b2ce8254a07"
"2021-12-02T08:22:47.567Z","28abb736-877a-47d7-a43f-bea21ab4a03c#HPT","7b7089ee-b655-4349-b3b9-36b7a0e5a61b"
"2021-12-15T05:27:08.271Z","88fbc6fe-2f35-476a-b2a2-e2de200a3fe2#HPT","7ba25bd5-4fda-4311-be70-1a8a5308fbf5"
"2021-12-09T06:48:25.253Z","b12097ee-2126-456f-802f-e95c33346572#HPT","7e1bb27c-690e-4155-a5e0-2cad44d942bc"
"2021-12-04T08:39:11.749Z","ca816ca6-0649-4c59-ae8e-3424e7c6e4df#HPT","7e9ee5c2-160f-49f5-9acf-e564267b75fe"
"2021-12-16T06:54:26.793Z","fe42ded5-8d1d-48a9-861d-7a9d695d9721#HPT","860842cb-ea4b-4360-a2ba-50b59b91f1b1"
"2021-12-14T00:07:50.491Z","9e762a9f-a8c5-4f33-9967-6b73ad2dd395#HPT","8721ca5a-325b-4a58-b6b6-387febc24b7c"
"2021-12-11T08:05:02.228Z","6d2a91a2-3a8a-41bd-ac95-d250e7e25e74#HPT","8956ac8f-96bd-4a88-a763-4592bedbafd6"
"2021-12-16T04:34:41.828Z","889f0a75-bf97-43af-a707-df9103400182#HPT","91e2146c-1674-4b18-8de6-a2c3d736cc1d"
"2021-11-30T01:56:21.352Z","15104a5f-a469-4591-847f-796421bf646f#HPT","94c3380c-8436-408f-84ca-cad47059c7cc"
"2021-12-17T23:42:22.251Z","68c7bf12-73d4-4c2c-9af9-8ddf3044814d#HPT","9f52f76c-5074-44f1-b892-44ddef029f69"
"2021-12-18T08:05:31.295Z","d431fe30-322d-4885-9e06-2ca9b80d1439#HPT","a74d46d8-9092-4fa6-975b-7d9e77ad4adf"
"2021-12-02T15:39:37.741Z","4c8097a7-7679-4cd6-9e2f-90e732ad5789#HPT","b7cedf9e-98a4-42e0-919a-e6725f58b1eb"
"2021-12-06T09:45:52.764Z","2c39d449-e839-4412-9f78-d8caae2fca8a#HPT","b9fe06f3-18aa-4cd6-bf2a-1e06720c0d38"
"2021-12-11T12:31:28.550Z","e630c582-8b0d-4fbc-b4cf-bd450dfa57f1#HPT","bbc5e69e-54ff-456f-9186-77ddc5678eac"
"2021-12-06T04:26:13.383Z","93294060-5cd1-41c6-8f43-61e6232c0d4b#HPT","c5c9738e-b2dc-47d1-be8f-f05484c5bdf4"
"2021-12-13T06:56:53.249Z","91d5cb9f-84b1-47ee-a9d1-040c5f321653#HPT","ccd7ca2f-1336-45d4-9554-080fd35414ca"
"2021-12-11T06:11:33.391Z","45c02dc1-2512-4bf1-be7d-57ccf3660bde#HPT","d0f9e7ec-a568-4eba-acf5-a9a065db424d"
"2021-12-12T20:21:51.316Z","614003e7-002a-4b6b-aae5-a5518a40d45e#HPT","e6780355-bce5-46d6-ad69-c1e19df454a3"
"2021-12-05T04:14:48.726Z","43a83ac8-3e3c-4dea-8d5e-44df41ef5765#HPT","fd1550a1-a2c6-423c-986d-e490e765bc0e"
"2021-12-06T21:59:01.367Z","e2987c1c-1951-4bf3-95e9-6b4001ef85f5#HPT","d1c248c4-2197-4552-89a4-892eac024c46"
"2021-12-14T02:08:10.584Z","9ff70ad6-2389-4174-8756-91add16d0a80#HPT","dddf1dad-8858-4f4b-83be-c5d2a47774f7"
"2021-12-11T01:19:36.484Z","c4c39449-2547-44bd-8758-e378cc4a8f32#HPT","dfbcf9d1-382c-4ffb-872d-cb6355ff7157"
"2021-12-13T22:49:30.753Z","47898272-fc76-423e-83d7-27447d4775c1#HPT","dff4ac38-08f7-41b2-9b2f-d5f8c3e1a3ad"
"2021-11-30T04:28:12.514Z","c09646a6-1b89-43e5-995b-654c7e30065b#HPT","e5cd63d2-e1d7-4528-9f0b-b5da3e7a708b"
"2021-12-17T08:40:37.944Z","71cb24df-50e8-4b12-b33a-b63d07ae3a6e#HPT","8e64459d-4531-49ad-b2c5-6209dd5a7b9e"
"2021-12-16T09:34:32.818Z","c45f51ba-812e-4cb6-b7d5-2688595a41c2#HPT","e61424cf-0849-49d1-a3af-b6e53515cd7a"
"2021-12-17T17:33:16.369Z","6a9fa11c-56b2-48cc-994e-315a74a30ff7#HPT","910939f5-3457-4961-9684-1d01f641e1e3"
"2022-01-09T04:46:28.339Z","c1bc0633-caef-4cf1-8af0-d6183a4cbf25#HPT","14b642a7-d69d-4f16-8f03-d3743ce42c9b"
"2022-01-04T08:06:59.990Z","f75c304e-59b1-4be4-a550-94e1b37629fa#HPT","188609ec-ba31-4127-87a1-eec3ad20e7ef"
"2021-12-22T07:01:47.318Z","a832890b-36c1-494a-a816-2fe14d4970ff#HPT","1992c8f9-0d82-4799-8a5b-183a2c5077b4"
"2022-01-05T07:29:45.073Z","6287e2f7-0a32-4888-a325-b84ce56cbf4a#HPT","1bc7f906-0181-4ea2-b347-26e6c8c3e8ce"
"2022-01-02T01:02:04.683Z","ee42b5fd-1172-40ea-9ffd-743b3da25347#HPT","24badedc-cb2c-409f-94d2-eda58e1a5592"
"2022-01-09T04:50:13.383Z","67bbf027-f384-4721-a975-61a6c0de3681#HPT","24fd22d2-b5f2-435d-a34e-71c9a671ae18"
"2021-12-30T03:58:13.993Z","3c18c935-acf4-47fa-b703-ed0e4a6efea4#HPT","27989e9f-cef6-45b4-9a4b-0ac1d81e6cc8"
"2022-01-10T02:03:10.956Z","d99e59af-4004-4bd6-a6ab-acbfd499f6d3#HPT","285cffe3-ce90-457d-a8f5-d9d7a1c3cb4b"
"2022-01-06T04:20:06.565Z","c83cad76-e378-492f-a19a-892dc222557f#HPT","2b19b3fa-00e7-4162-b0e1-4d0fb946e822"
"2021-12-22T13:48:57.176Z","6216be42-f6b9-404a-b78c-717729b99ab5#HPT","376df6cd-f7ed-40c2-b4d7-f364065010ec"
"2021-12-19T06:09:31.958Z","3004bdf1-3a2b-40ce-b64e-4b55e6b4bfa5#HPT","52420a6f-232f-4a7a-be7e-a36965d8e86d"
"2021-12-21T05:25:23.116Z","02232bb3-904b-4908-95f9-60e274133b20#HPT","567fa1e2-6ae0-4f81-93cb-0a9d1608f80c"
"2022-01-05T04:31:28.632Z","eea2b9c0-c7bb-4a64-9d79-4170419c1765#HPT","568d09df-a056-4163-aa74-271f1af9fdd0"
"2021-12-19T07:39:40.022Z","dd3ac20e-f63e-4fc0-8e0c-7ae073a80b90#HPT","56ccdc86-7446-4537-81a7-134b570713be"
"2021-12-26T11:30:56.249Z","e5943e43-fcdf-4ce6-80ad-25d6fb6cfcfe#HPT","59a8fbcd-dc15-4629-980d-ab978d9807df"
"2022-01-11T08:06:47.237Z","a693eb5c-fde2-4524-92ea-41802f59ab0c#HPT","5afefd6c-ad9f-4a59-b625-e0bdef22f586"
"2022-01-03T00:33:46.876Z","588b74d0-1b10-41a9-9822-a6453d963c5b#HPT","6845324d-b400-419e-ac02-272b9f087c2c"
"2021-12-25T03:41:17.802Z","cd812c72-8622-472d-98ca-a83d4ef602e7#HPT","70405919-d723-4129-a803-602f58651ad1"
"2022-01-09T01:52:18.016Z","5d80a21c-38c2-4829-b441-a9d82fc160f8#HPT","76a05782-d1d1-4344-b22e-29d30e608d56"
"2021-12-23T04:01:58.676Z","d461fd61-980f-4a57-96cc-da9686da1ed1#HPT","77fa3141-6023-4912-9ae5-f13e5e222a88"
"2021-12-20T00:32:42.166Z","ac0f9644-cc2e-4989-8687-8467d2504e7c#HPT","79dc6de4-098e-4ea0-a74c-51a389e010ce"
"2022-01-02T11:23:52.154Z","1d85e783-0d61-4625-9706-493a767a0f6a#HPT","80806a72-63f6-4277-b6cb-64488873a0e1"
"2021-12-25T01:01:07.998Z","ee4cb11e-57b6-4563-b917-9895b1c0a6ea#HPT","84a450e6-c7dd-40ea-a9a8-0029a931440d"
"2021-12-21T23:57:09.139Z","f4b69bd9-5297-489f-9493-6fc4b6895aa1#HPT","84f0fd81-071b-4978-99a1-0a62e99daf66"
"2021-12-29T05:39:02.350Z","7cc2f8ae-d7f4-43db-b9b1-4497f0b193f2#HPT","87e302dc-7f1a-416d-8ae5-511003b0896e"
"2022-01-06T09:25:01.712Z","04070dcf-8565-4c51-8bcc-9a2b4d72ab3c#HPT","9c975c9a-09a2-47b3-884c-012e09ab396e"
"2022-01-11T07:37:34.345Z","8f5909ce-4e72-4e12-8a87-41eed2078159#HPT","a386b9c1-ef15-4791-a65f-0bd7d7418e73"
"2021-12-28T04:41:55.330Z","def78be7-43c0-4944-8708-79527150acbf#HPT","a699b15d-f520-4845-9995-2748274c4274"
"2021-12-25T00:33:40.649Z","72f8c1e8-46ba-4245-8e3e-62894706185d#HPT","a8668769-d4a3-43d7-be9c-8a25a1ec9f10"
"2022-01-07T05:28:27.922Z","cf861d72-5775-477c-9bc7-e77206b37d42#HPT","ab404a27-f05c-4e45-aab9-fda274194b7a"
"2022-01-09T06:36:54.765Z","2eb8ddf9-c71b-4f85-a8cc-963363d11bd9#HPT","af78ba36-f836-42a2-ad5d-46c2f6329ca1"
"2021-12-21T04:45:31.523Z","1a52f33d-f473-43b0-a89a-0440d638d8af#HPT","b03dfb99-a883-4bfb-acc4-61ba8a67f181"
"2021-12-30T23:05:34.085Z","7587a1b9-3059-482b-a760-91616df454cc#HPT","b4550f88-73fc-43c7-8c65-26508c7f051d"
"2021-12-18T11:48:00.067Z","e1d5b038-5422-4778-883d-bf8f48d72767#HPT","baf0eb09-5a37-4b08-8d45-834a4946a793"
"2022-01-03T02:05:05.259Z","b346ecb5-21d9-464f-89ba-125922bc15a2#HPT","be90e0c6-437b-463c-9fb7-4a6a533fe47e"
"2022-01-03T05:36:38.904Z","d7e63b99-5ed5-4076-b8d3-54bae2931c98#HPT","c34fd1dd-1928-43df-8603-fd62f1b1f08c"
"2022-01-07T11:02:57.091Z","05eec9d9-5290-404f-8d92-0b2883f56a32#HPT","d94a4535-5b64-45b3-aa03-371f73b7a421"
"2021-12-22T05:26:27.787Z","c41a6f8a-b1a1-4571-b943-6a4deccc52f2#HPT","dad1c2ec-a104-4d60-988c-3009569c78b1"
"2022-01-07T07:11:54.364Z","c921a7b5-db12-4461-ace2-a624fba8c611#HPT","e3cf616c-9319-4a66-86e3-557daa8eba3f"
"2021-12-21T12:19:01.506Z","1a9441e3-2a28-496f-baa0-10006bcec52b#HPT","e87e64f5-1a83-4b61-a143-92f75ae30836"
"2022-01-01T00:36:40.870Z","a940a4ff-3d54-4f6d-a20b-d99e125d560f#HPT","ff78f0d9-b627-4627-b767-a3f1213a6a52"
"2022-01-04T23:59:14.707Z","e721b0b9-9300-4300-a649-9ea7d3e4e3b0#HPT","ff88136e-b8e2-46a3-a728-e240a6ec8690"
"2022-01-08T02:58:49.206Z","3e500b8b-ff77-4841-8657-2559c4af1532#HPT","e9b47ab9-e8cc-4edb-83ed-9841741006eb"
"2021-12-20T13:02:07.232Z","1945ddcd-1266-4685-8d99-03b9c4043531#HPT","f4f16c62-1050-4b9b-b633-1014d3dfd8f7"
"2022-01-03T05:41:49.224Z","86c0510e-8d8f-4d07-9a18-7ccf8f5e6e54#HPT","f52dd190-f106-435a-96e3-a719627f890f"
"2022-01-10T07:58:58.314Z","1d06b500-9d40-40ed-adc5-ac717fe7ba47#HPT","fad7e861-fc85-43d6-9469-79c6d2d1cfc9"
"2021-12-28T08:04:51.155Z","dde844fa-4c8d-4bf4-a4e8-58ffe239b346#HPT","fafc4bf2-1593-4f5b-abe1-ed983cbfcaac"
"2021-12-28T10:56:13.515Z","1756b5aa-2cb7-4254-82d7-5ccdb9912fda#HPT","adcd6903-08c1-49da-bf79-cfd3b81f4c6c"
"2021-12-22T05:54:18.299Z","4dcf7008-0d0d-482c-948d-43592c9836d4#HPT","fdef4109-027d-4ce0-bec6-ab83b427a556"
"2022-01-09T01:24:07.461Z","d3cf0a0e-b553-4d9d-b1aa-6b63c54ae4d0#HPT","ae4208bf-780b-4afc-a210-73bbe4bad548"
"2022-01-24T00:25:31.279Z","0fcb6f97-8aa7-4185-8f1d-ee73e986d735#HPT","07c05322-31fb-4593-a9b1-a12978649507"
"2022-01-12T13:25:23.218Z","52104f55-a061-4493-b3c6-490687037d48#HPT","102e6b6b-bee5-4acd-8b0d-0d516ecbf1e7"
"2022-01-25T11:32:17.128Z","3c1b0a6e-4d97-4afb-8fdb-b38ed003d613#HPT","13c68d06-e1a9-4365-9859-25e1061e8bcd"
"2022-01-21T00:10:35.923Z","24200f2e-d4a1-4ba5-ab1b-d02d02a4b4a7#HPT","18c68a1c-5013-4739-87a8-d180ea64a759"
"2022-01-15T03:50:13.252Z","37f068c4-6555-4d45-97c5-0ac0fa41ed6f#HPT","1a6518b3-abd1-482e-b160-40eb661437a7"
"2022-01-23T12:48:45.525Z","0d628606-d7a4-40e4-ba4a-db3c1fb7f891#HPT","1e961270-408b-4e3c-9029-6c82cfaf90d9"
"2022-01-13T13:03:30.884Z","23e3e99b-2d2f-460f-86fe-fb1ca22bcc0a#HPT","1f585120-43d3-43a5-a991-ac3a4064feeb"
"2022-01-16T03:37:48.959Z","1c5608fe-2561-4b41-a30a-870d9635da66#HPT","20c05270-f8be-4685-8e0c-39ab76b09963"
"2022-01-13T00:38:29.011Z","e752d4de-9047-42a0-9965-81c884260a57#HPT","2264aec9-bf80-4bf8-8d41-0afa31a2d2ef"
"2022-01-14T06:58:33.356Z","bcd28b0c-a759-41e1-8bf5-34bda856d430#HPT","25047252-907a-422b-aa72-1f0e4ae1c2bd"
"2022-01-17T21:52:50.275Z","2a38166b-1913-48c8-99e4-b0f2c0aed414#HPT","2640a4c5-59e2-4869-a355-4ec72de44710"
"2022-01-25T12:39:06.450Z","d7b9a0a8-3179-46a1-bd57-b7649765d09c#HPT","2978d091-841d-4d49-bfe8-0125d3bfdd97"
"2022-01-13T09:39:40.102Z","e1d1bcea-be60-4128-8bc3-34db13c23f40#HPT","3dfe5ce4-c426-4ed7-99af-e5717e1d4316"
"2022-01-17T13:40:59.478Z","b096fb23-5eef-4cae-98c9-e6084c166a9b#HPT","3ecc1535-b1a5-47c3-bb95-8e809399a64a"
"2022-01-15T10:52:41.382Z","ee50d2c7-8e7a-4186-85f2-8f00987d9501#HPT","4d6b2f76-ced6-4ab5-b086-8b94331372ad"
"2022-01-27T06:56:25.779Z","a03d8d38-5d6e-4ad2-b921-8751ad8c42dc#HPT","5222dc92-aa4e-4351-b5ba-584ffdd78b12"
"2022-01-18T23:17:34.193Z","582c8495-3e1d-4b3a-beb7-9567d3c8065f#HPT","533eb005-765b-4325-9255-55175a54092f"
"2022-01-19T00:21:56.232Z","cdfee564-d50a-461a-9ca3-d2535cea88a6#HPT","6888dcf8-cd41-4d36-a584-e1ac2500da35"
"2022-01-12T05:08:28.940Z","fd293cda-1e02-4ca8-918c-629fe79986a8#HPT","75ca8d44-244e-4eac-af55-3f84a7c7989b"
"2022-01-12T10:41:30.309Z","b68f701f-5b5d-443e-8ed9-336430cacc59#HPT","76e15442-08f2-432e-87de-697162cc614a"
"2022-01-24T09:30:13.281Z","753ff240-146d-4bb5-9783-79f7247bb1b6#HPT","7e6ca9e1-59ec-499c-a32d-42cb23d696b7"
"2022-01-24T08:45:26.345Z","f54cf624-577e-e811-a51b-065f382ed518#HPT","8316b25d-76d6-4360-a60c-7cc92535af0b"
"2022-01-25T01:14:12.632Z","5f67764e-185b-4754-846f-aa2704db0ef2#HPT","85103f51-90a5-4464-9b2a-fc356c55fd01"
"2022-01-11T11:03:59.632Z","97e31eec-d4cd-415c-a37b-9d946dcbdd0c#HPT","8de9bd8d-94f9-4a26-8976-30afc85a62b7"
"2022-01-23T06:30:47.915Z","1d63059f-fc24-472c-bf32-d15b6f04ba45#HPT","8edc4dad-ecc3-43ff-bf43-e765cc6b60a3"
"2022-01-18T11:17:10.239Z","288c66c0-6cb5-49bd-ab3a-f0419d14edfa#HPT","8f9387fb-721a-4ac3-aeaa-1bca6e143d52"
"2022-01-28T03:27:18.538Z","866d6205-16e0-411e-a7c2-6f6b58d4860d#HPT","90987ec6-6f0a-4b58-b6d2-10b5fb14f8f1"
"2022-01-21T05:26:25.653Z","c61d70ae-ed7c-450b-bac8-727f3f508a3a#HPT","9262f5ae-9515-4f1d-b132-f6f3a55dbaa0"
"2022-01-12T07:36:35.523Z","baf12fd0-37b6-4e6a-9a4c-2e8bec65b09a#HPT","92c1de12-77e6-4a6f-b734-c7d7b33ed534"
"2022-01-12T13:37:22.616Z","c498d560-848e-4a53-9373-72afbf8b4022#HPT","9931f9fd-4145-40cb-a203-b78022beecf8"
"2022-01-18T08:09:22.424Z","ac6f914c-9d47-4592-954c-3918899125e4#HPT","a4544297-f0ce-4ade-aa52-942139352370"
"2022-01-27T13:15:38.834Z","5348ae97-a1dd-49dc-aa4a-3578b2cd4984#HPT","a536531d-c51f-4107-8617-c52c9695bb57"
"2022-01-22T02:19:38.047Z","41966673-c994-4509-94a4-3506a3ef7d56#HPT","a545b645-4818-4242-9a0a-73384327a068"
"2022-01-22T12:24:20.720Z","95d4bdf6-a56a-4a34-912d-93f4c32b87e7#HPT","b1dbd8ec-9a81-499d-9293-28c0acf12f3b"
"2022-01-17T06:38:33.797Z","cd98a5e7-34ee-4602-8f19-371de42804ae#HPT","b2c34cc4-c859-435a-afca-3ac2f024c66f"
"2022-01-24T01:04:30.311Z","e10dad71-62e1-43b6-8ca2-521b5d81af45#HPT","c4d98a2c-665c-4e74-b3d8-472aa595a60b"
"2022-01-18T04:51:05.130Z","35f2a388-c096-44f4-8238-da881d0a348e#HPT","cd6dec6b-891e-4372-a7a9-58d9826b0ee1"
"2022-01-18T07:14:25.774Z","06ef5db0-e134-42cd-9b44-f15ba8efcf9f#HPT","d356ce63-c28f-429c-83a4-5d8827020f8a"
"2022-01-24T02:39:55.155Z","91151151-270f-41b6-b08c-f0d7b74972ff#HPT","d64aef31-c4d4-4538-999e-8d65fe673265"
"2022-01-17T05:36:30.327Z","6429bc8e-522e-46d5-835b-ab0f8949e1c9#HPT","da9f14bb-4ded-4522-820f-c367914eb7e5"
"2022-01-18T03:16:42.384Z","42483bc1-f595-e811-a51b-065f382ed518#HPT","f4b58ace-3276-4b4a-9db9-8e18b67ded10"
"2022-01-21T07:30:12.195Z","694f0ece-d7aa-4c7a-a4c0-c7a9e98f1084#HPT","fc67122f-0152-44da-aaa5-056881484f35"
"2022-01-11T13:05:54.416Z","8e3e60d5-3a47-4f22-9d92-98cf7cd5d1c2#HPT","dc0c0cb2-6358-4950-811d-357063d44a88"
"2022-01-18T01:28:49.076Z","ac187b80-2d6e-48df-bf5b-376e3fc249f5#HPT","de729914-723f-4793-973b-43b817db7217"
"2022-01-18T07:12:58.176Z","dc585e97-c012-4993-b092-e674675ff3fd#HPT","e813ccbd-858c-44fc-999e-197c31c71e75"
"2022-01-21T07:55:01.497Z","67ea7422-b353-499b-858d-1c675934a593#HPT","ea485b2a-92bc-4dfc-9294-c3401179dc72"
"2022-01-13T05:26:30.811Z","b917c462-e7a6-42d3-a802-899065d451b4#HPT","eea3cd47-bed0-4d8b-bbd2-5a7dcd820ff5"
"2022-01-14T10:28:43.611Z","fef89b36-248a-4431-8668-0649a79d247f#HPT","9f7e72f8-40bb-442c-a89a-a928171e90d4"
"2022-01-12T03:09:45.624Z","b085608f-a012-4167-a546-331af3e36428#HPT","efe50350-8f1f-4c03-a400-dc0deec5e0ed"
"2022-01-12T05:07:18.810Z","5695f8f8-8de2-4a53-86a9-065a7707900e#HPT","a411f56f-e65a-4263-a620-56ce4c3db1a6"
"2022-01-31T00:15:25.533Z","1517efda-2381-4f71-a868-8b0564312699#HPT","043b8068-f56f-4d92-8645-4c106400ff44"
"2022-01-31T06:26:53.627Z","fee07683-1b3b-492c-acf2-bec353bbf349#HPT","0ae6f1e2-a3c4-427b-8f9e-e299836379f4"
"2022-02-01T13:39:02.472Z","44322e10-b894-4f6b-87d7-be6a55f09629#HPT","1457a8b7-3b3c-4148-9310-ddf73e455fe1"
"2022-02-07T00:00:24.613Z","2ec78723-c0ae-45cd-8712-551ed7cc4cdf#HPT","145b608a-d709-491f-a88f-553ebbced466"
"2022-01-30T12:46:39.140Z","f6940e7a-5924-4a03-8b0b-bbf2ed888974#HPT","15b32079-7ddb-4728-a220-764ca505c0ab"
"2022-02-03T03:47:12.690Z","02609af9-78dd-49b0-a8c1-7f62ce7ca3e6#HPT","1789e46f-9a4c-474a-928d-ea503caae239"
"2022-02-06T07:09:06.979Z","5492e82b-6485-429d-9034-02832d0f48e4#HPT","187f2962-a04c-4514-bf8c-c8278dc7ef11"
"2022-02-03T04:06:47.224Z","8a86484a-2b59-410d-b8d8-2569cb409783#HPT","18898e70-6430-4ab4-9a77-260b3f97f677"
"2022-01-28T03:46:22.450Z","dfee31fb-77d9-4729-9014-016feb9d0fce#HPT","21d7ddaf-dc57-4ed5-a367-feaec054e62a"
"2022-01-28T03:54:23.903Z","6f0dd238-914f-4dd3-966a-3cdc51f6a7a1#HPT","27321c29-f38c-4b49-a0bd-854d5f6d08db"
"2022-02-07T04:23:55.712Z","2259be5e-1f0b-45ce-b945-bf4980ed42b6#HPT","2bfa678c-57c7-42c9-9e2c-77e9e793066b"
"2022-02-02T03:51:26.919Z","ce69bee7-1aa5-4e74-b706-2d78a6e4d34d#HPT","3011b375-4096-4ec2-a749-855f6579f5fe"
"2022-01-28T21:36:43.530Z","0346f3ad-69b7-452a-acc0-2918db2ae6b3#HPT","348cc14e-df2b-43ef-9984-d509a4c87ad5"
"2022-02-05T01:21:50.020Z","19a95d70-e350-429f-ad5e-fd360ba4cc33#HPT","36b9203c-7953-4cb2-b210-c65b307d8df3"
"2022-02-05T01:00:06.136Z","210d394a-767e-4b8b-bdcd-d56a41d4140b#HPT","42a2b43f-37ce-48bf-966d-1e964bf23a4e"
"2022-02-01T20:55:50.402Z","54832bb2-20b2-4ffd-be81-a80a2307d3ca#HPT","485ecc84-f0ac-4ff1-8812-7d944aff9225"
"2022-02-05T13:34:01.999Z","f8ba996d-cdcd-4b47-bfe7-f55dbb4d9123#HPT","4eb54aa2-a718-404b-8c0d-8f294faff166"
"2022-02-03T03:02:26.065Z","d28aa5a1-5521-401c-9f12-6a8453269a65#HPT","503147cf-e15d-489e-85bb-32db8a9927c9"
"2022-02-04T10:41:29.454Z","5a79c01e-4596-4fbb-acc2-18eb19898793#HPT","5183aa16-e049-4aed-b1f1-9f5fbfa81772"
"2022-01-28T15:16:29.294Z","f967e82b-ecf3-4e27-84f6-33c2fb41f18b#HPT","5942de3c-006a-4e22-aa9c-911fde9867dd"
"2022-02-07T02:34:28.624Z","3f14653f-9b17-471e-940d-abfeb23add24#HPT","59487e8d-7a04-4f75-825a-11372dbae4db"
"2022-02-02T04:08:34.980Z","19b8204d-e828-4bfc-913a-8b72b33f2c26#HPT","5ca09c1c-8273-4e74-b990-be60e9d9b6a2"
"2022-01-31T10:20:41.391Z","1630462d-3374-4bb2-a96a-e1dc6e807dcf#HPT","61ac3865-fd78-4d5c-b9fd-e8aed52af4f0"
"2022-02-07T02:48:58.546Z","289592ee-55f0-49e9-8332-0e46d405be86#HPT","650e176d-fdf8-42e1-8166-eb08a5152a5a"
"2022-02-05T08:27:07.276Z","20a62335-32fc-4943-a73e-1a137c19355f#HPT","6ff55e36-d5f6-4d18-b08b-a7c5be3b066d"
"2022-01-30T08:32:01.224Z","ca38b087-d325-40f8-a3a0-3ac347a58f62#HPT","704e5da5-7096-4f57-8912-16344e6fd1d8"
"2022-02-05T06:09:37.582Z","5d5c9c3e-4dd7-4920-812a-979b84aa75f2#HPT","717205f9-458c-4874-8a71-826fc622423e"
"2022-01-29T23:48:46.113Z","02538b8a-232a-43eb-b057-f07c377db341#HPT","72d296f9-a6a4-474c-83f3-b7c062c757b0"
"2022-02-07T05:22:33.293Z","6d3241b4-5293-4d36-9949-f7cf91b648a4#HPT","79e4dbc1-e1ed-4f4c-9648-5450f7fcb1bc"
"2022-01-28T06:05:46.822Z","28fb9dfc-2d71-49b7-893b-6333eba40f22#HPT","79fdfe6e-a443-4fa2-b7f3-5fc5cb0785d8"
"2022-01-30T05:57:29.818Z","cfc5d4e2-a49e-4045-a099-1d5470349cb9#HPT","8bfdd8ff-a86d-4396-ae7b-6300b41acb40"
"2022-01-29T01:15:46.866Z","2f750e4e-3926-4dc6-bb35-7b2f94a908d2#HPT","8e48678a-54c4-41f7-bdeb-bd9f64f749ef"
"2022-01-31T10:04:00.426Z","1ae6b684-d622-481e-8f80-1c88aa72dace#HPT","9dfffc8a-d2ab-4265-a9c5-687f905afd03"
"2022-01-28T05:51:12.289Z","30c1a4e5-f18a-4453-b7bf-57f857cbeefb#HPT","a500075f-f70f-4721-83d8-3549ff63ed8d"
"2022-02-06T06:19:09.094Z","84bb6dba-7393-4e91-8169-e7b5b4382af4#HPT","a98ec628-ba25-4617-b032-9a224ef9d8d4"
"2022-01-28T11:50:14.303Z","2feb7bad-d67f-470c-b04b-b19375056fda#HPT","ac1fac91-6b24-4a13-8ed2-b1d09b18171f"
"2022-02-05T12:13:12.107Z","3c2df218-d4b7-4b0c-aef9-70a7299434b1#HPT","b880c59e-fa40-4428-9191-d06486a69de8"
"2022-02-04T03:58:06.732Z","4362eb5a-ccf4-444b-85a2-c358f3338744#HPT","ba3d39c5-53b9-4825-9d72-9e5c15a5ae10"
"2022-02-01T01:11:24.867Z","37cd5979-2a28-4ca2-ad6a-927fb13cd1fd#HPT","be0b2261-d7e2-43ab-a235-d8173c71555f"
"2022-01-28T06:21:10.393Z","a410ca07-a9ba-4fdb-ae71-ad217ad03a28#HPT","c6a88977-774a-42e7-bfff-6640d722c038"
"2022-01-31T05:07:50.841Z","b2ff5cdb-2e22-4aed-9d64-ca33478596ab#HPT","fadf4c1a-e3de-4096-93f8-fda56b9c5168"
"2022-02-07T04:38:34.071Z","783f05dd-1cc7-4f99-8e97-671cc7f35804#HPT","fb710cd9-ddbc-4482-94c5-e19f5bcef59e"
"2022-01-28T10:15:21.787Z","3d2b83ca-053c-47d7-9a32-88882f788166#HPT","c6e86c97-3a81-4fa6-a45c-61fd61b35ba8"
"2022-02-02T07:56:10.300Z","07976251-6567-4807-b2fa-c5996207be2c#HPT","c969f2b8-b7d8-407d-a791-aec3eeef0c88"
"2022-01-31T03:50:14.712Z","82c117d0-9b01-490b-bb3b-66f9b7eb3c4e#HPT","d90f6241-852d-4a6a-be02-eae247b4ba98"
"2022-01-31T06:18:58.747Z","16176477-ace0-40cc-9a31-96b2bc637cfa#HPT","e4d21069-b99f-47e0-b5b1-dbe2d13105b5"
"2022-02-03T00:05:49.943Z","ed29ae32-da07-438f-abd5-79c9fd25daa0#HPT","f43477c6-1076-4cf3-86c8-3b7d7a6ebd88"
"2022-02-02T08:42:58.051Z","12bc0ecd-b1da-495f-a425-a7c6b68b0154#HPT","81f0509e-e9df-4be2-8ac4-ad7e8ff858cf"
"2022-02-02T03:09:31.323Z","6d38580c-c6f2-4102-b2c0-a8b6590c267b#HPT","f4bbfd64-9d38-42a0-bdb4-f409e10d984e"
"2022-02-02T06:07:16.867Z","c5ae7259-555b-43d5-b4c0-798df051a61d#HPT","8345de3e-ec7a-43a3-9595-9c8f2e1cd672"
"2022-02-09T00:08:41.167Z","1addfa73-9e19-48a3-89d2-debf181827bc#HPT","065b8a89-d9df-4f03-90e5-b509f07ccac3"
"2022-02-07T09:27:23.682Z","396fe963-cddb-4b56-8f59-913674d17682#HPT","06eed605-bcb9-4f20-a964-c462feb534c9"
"2022-02-15T11:40:32.171Z","f1513775-fe15-46a4-ad5e-84eb95ade500#HPT","093492f2-f7e0-42f4-8e65-32abf976c62c"
"2022-02-11T03:53:13.245Z","8702a4cb-5aac-4e1b-bb80-0a0373ef1524#HPT","15cc7786-5ecd-4215-84c8-fb8aa1647ebc"
"2022-02-10T03:06:25.066Z","3ca8e3cf-f2bf-41bb-83f9-355792b9adb6#HPT","1e7c1b39-a50e-4024-87f1-f1acb3f38d89"
"2022-02-14T12:10:22.839Z","93bd98f8-cecd-4691-8a29-91144edb30cf#HPT","212f3664-cda6-446c-bfb9-8e42f078fb34"
"2022-02-14T05:08:39.799Z","feddf78f-bb87-45d1-b231-9aafd92ecf32#HPT","28f1a6ac-11b3-48a8-9aa6-58b4c0415645"
"2022-02-14T04:30:06.205Z","e8a12a3f-51b6-4e62-8c47-9cc67db682b3#HPT","2c8be64e-6abf-4007-8137-a9a84b99d5db"
"2022-02-18T07:41:31.944Z","f710ff4d-dfd6-447f-b498-6570e40c9c4f#HPT","3064feb6-ccea-4ccd-9c91-b5b03c49cbc1"
"2022-02-10T08:56:44.913Z","b8fe6529-588e-4af2-ab02-02571bc70a4b#HPT","30d62c10-2979-4494-825c-b064879fbf31"
"2022-02-11T10:31:42.616Z","65b9c459-a219-422a-8fcb-82ff5b2c4f76#HPT","3b1e7685-8db3-49e5-bd54-f8450685872a"
"2022-02-16T23:26:13.290Z","0d4ef9d1-1ce2-484c-a7ae-fcceec7b4ab2#HPT","3f6f7d99-f4a1-41b1-8575-bbbd2a11a652"
"2022-02-08T23:01:06.180Z","9418bda4-9ab1-4908-8671-db87c8c19c3f#HPT","46a8cf4a-b7d5-442f-9804-2df0d37aff72"
"2022-02-10T23:58:53.278Z","e05b19e6-73f8-4cdd-9e2f-661190451e24#HPT","505bbcbd-94c3-4ba3-85e9-0421d619a55a"
"2022-02-09T09:36:46.960Z","e88ee62e-6e4f-47da-a708-0c61c0bf7b7e#HPT","53c510f6-853a-407b-a8a5-2a67aad66afd"
"2022-02-16T08:22:40.990Z","f8275455-a009-4d5d-b33a-b8508a545e77#HPT","546fbc2c-15de-4a6e-bab8-b064e62404d5"
"2022-02-10T04:02:12.993Z","e11989be-f5c1-47a4-8e62-4e0246027800#HPT","547a16a0-46d2-4402-9c17-7a66911ae5a7"
"2022-02-13T08:53:23.476Z","724fcc4f-64e2-40f4-87e7-0bf920cf2275#HPT","580285a2-172b-47f4-9b5c-60466d837fae"
"2022-02-17T05:23:00.230Z","8ac882c9-ceb5-4517-b9f5-caa2ff60f516#HPT","68aefa48-e5c4-4026-94d6-6448469c7227"
"2022-02-13T05:30:46.270Z","bc331d8f-8661-491c-9475-5ddf4674697f#HPT","6ba04b75-ed1f-49d3-a37d-16f131a90a74"
"2022-02-14T04:05:27.210Z","40ba663f-c9c3-4eba-8fbd-c0f549dcbc5a#HPT","6f996fb3-e12b-4c85-85f2-d6413e0ed952"
"2022-02-17T04:15:13.111Z","2f93a360-e040-4372-9196-936bedb45dff#HPT","7001b64f-3ce1-49cf-836e-c598c75525b0"
"2022-02-08T06:51:35.203Z","7993a31d-c1d8-4caf-816d-22d1d89d61c6#HPT","72b93c93-17fc-4533-befc-9dbe00d95122"
"2022-02-16T19:34:14.618Z","3c55b0b6-aa01-4176-b009-6ca0b9d1e4fb#HPT","7781dfcf-4f1a-4c7b-934c-63d75c8acc34"
"2022-02-08T07:55:18.010Z","3f258c43-6129-4121-a5c7-0654924838c9#HPT","8da0fdd5-fe99-476f-976e-e53c7898bc86"
"2022-02-17T10:52:17.407Z","05ba0cbd-eff2-4635-9f18-b47da5bb7359#HPT","9183b88c-830b-47ba-a32f-cd8d8cbbeb6e"
"2022-02-17T03:20:38.951Z","7ea0effb-a3c9-4ee4-af35-9df8bbae36a8#HPT","94a9b4a9-fa6e-4fc7-82a8-669868fc370c"
"2022-02-17T03:54:35.369Z","5fbaa56d-0cd5-4c70-8c1e-476b7dfe020b#HPT","977bb9d3-260c-4f67-9968-0c3598ab73ee"
"2022-02-09T00:53:54.262Z","c94d63cc-7514-4d34-9936-a9d117c43e16#HPT","9bd74a89-513e-43a1-9aed-7b255c0894f6"
"2022-02-17T02:56:16.710Z","076c7a70-c895-443f-aede-ad6099065395#HPT","a0c224ec-17c9-478d-b3d3-89c440540260"
"2022-02-10T09:33:48.230Z","ba6ebe87-e020-46e5-929e-90a7cbf7f502#HPT","b0d5264d-8e83-4d30-b58e-3d918ae931a0"
"2022-02-12T13:02:21.304Z","7a5c0cf9-084f-4c00-b3bb-b6cdf523a514#HPT","b1d6753e-5325-46cc-9e0e-9a340f4b5f9c"
"2022-02-15T10:57:21.272Z","b75898dc-6a95-4512-b71e-192ae9e16a60#HPT","b65001d5-a7c7-4fec-9c5b-1a56a0784788"
"2022-02-12T22:36:07.564Z","b49bec60-60ad-4f5d-8987-192a6cab6279#HPT","cf327125-63fe-43df-959e-50285067720a"
"2022-02-14T02:43:56.488Z","3422f2b5-f827-43d9-b35c-edde3d16a6b1#HPT","d2b5fb88-7835-40d6-a932-946e244a0258"
"2022-02-17T06:26:24.843Z","c315935c-c8a2-4f64-a069-0dcde6f81309#HPT","d4585c11-54c8-4c5d-9fef-9f9ad0374de9"
"2022-02-12T00:39:39.004Z","949589a7-a834-4c2d-adf5-753343f06428#HPT","de30ab43-62ae-445f-a092-893d62c655e6"
"2022-02-14T05:32:54.856Z","47849858-8ca8-4626-a542-34f75590531a#HPT","df0931d8-1007-4246-a17a-32167c3a6e76"
"2022-02-18T02:08:10.776Z","7612c16b-9af4-4994-bd6f-182b773bc8d1#HPT","e0dad9c4-2b0f-4d3d-942b-cd9ce57f914b"
"2022-02-19T01:13:01.264Z","d58f7266-a763-4ce8-90e8-0683bfacef0c#HPT","e204fc2d-cb3b-4d80-9789-c4889b7a94b5"
"2022-02-19T00:11:58.519Z","d207a81d-0268-41c6-9fd6-4f3edb4d9d8e#HPT","fbc5f4f4-4eaa-4c84-b424-6ae5d5a9b3f4"
"2022-02-18T06:52:33.855Z","350d7233-a8c7-4a1b-aea8-42c5730cd68e#HPT","fbd16db3-25b7-47c2-8e19-1b111d703f3d"
"2022-02-11T06:16:05.232Z","0734ebf0-bec6-4f11-8e8d-f89b7b36aa6c#HPT","e62698a1-6219-4111-936f-e6ae882a148c"
"2022-02-17T23:37:32.358Z","6875792a-20a2-40b4-812c-009a995c9d22#HPT","e62b35f8-2203-405b-ac07-30b2a385b325"
"2022-02-14T09:19:52.231Z","2fc9a005-862f-4787-99b7-56c7a59ba212#HPT","f0f15a9e-0435-4f35-a0f9-29c41a120205"
"2022-02-15T05:03:36.671Z","6fcafc8e-a49a-44a6-a44f-d36f384d3504#HPT","f1292b60-66b2-4ab6-8e12-61524bebebc9"
"2022-02-09T10:36:13.365Z","cfa5bbaa-2e70-436f-8090-cfa6d021c899#HPT","f94abcba-b086-4acd-a4c8-137257283130"
"2022-02-09T04:17:59.116Z","36120a26-05b9-4bc5-ba16-92922d6b84e3#HPT","a23d81da-cc4c-4c22-9c4c-c48cc9ecc104"
"2022-02-16T07:00:55.927Z","b01c124c-398e-4765-a43c-a770c0160735#HPT","f9af1a22-77f5-46ea-b0f2-f5c82a3cee6a"
"2022-02-10T05:56:15.890Z","706b0f75-a831-41a0-a29b-9cc36839d542#HPT","a9208374-5507-439e-bd5d-30767ba6d35d"
"2022-02-19T02:35:47.815Z","01afa82e-9036-4897-9a2d-579b4868051a#HPT","0434b903-bd9b-46c8-ba46-f215f8ea9b20"
"2022-02-24T04:49:41.104Z","3fbe6e93-41b7-4e51-9018-dc974c6f487f#HPT","0490b3ec-96d4-43a3-8198-6a22b720aad0"
"2022-02-22T08:07:55.935Z","5b9cd435-f750-42c4-a455-bdf5d06c2853#HPT","08c64bea-797f-4285-90d6-294656c56dcb"
"2022-02-24T02:52:04.525Z","e4b994f9-0579-4131-a5c2-4708c772c1ce#HPT","0a999db1-ae1c-4888-a6a7-4cdfd22718f9"
"2022-02-21T09:09:36.435Z","ac09886a-60dc-4ae3-9b0b-de08ae320adc#HPT","0b0e6333-f0ee-46cf-89aa-4800e639ff9f"
"2022-02-21T06:26:58.357Z","6f6445c9-eb36-4a7d-aca1-b9788903bdfb#HPT","0c9c9e3c-e5a2-4fe8-b3a6-bd51a857f454"
"2022-02-23T12:10:01.711Z","b1411602-2264-4e6d-bbf6-2a6f9cee6703#HPT","0e00e4e9-0c3c-4e13-9e8a-fe38c2e2b7c7"
"2022-02-20T10:24:45.994Z","20bf6205-ac66-4ad8-bc23-73be8a15a847#HPT","15db717f-3cef-481a-8344-d790c2a3c6cf"
"2022-02-25T02:42:50.772Z","eaa0082d-8f5c-476d-9f05-da465f287fb0#HPT","1699ecd1-dffa-4d10-8e6a-73526908c766"
"2022-02-23T00:21:22.648Z","604171a4-49c9-4431-a820-86cf26adc2a2#HPT","1daa6a63-c1ec-4f4e-897d-21e8a273cbff"
"2022-02-23T01:40:21.641Z","8a308167-347f-4868-87bf-694d79d244df#HPT","1e4208e0-6201-42ec-a210-dd4fcf6f515f"
"2022-02-25T00:24:36.595Z","799b20c2-62ee-4ae7-899d-30dc45157163#HPT","1fdfad78-f9b7-4292-b152-db8737500c87"
"2022-02-25T01:54:47.304Z","2d17192e-9366-4afc-9a30-9c81f475b28e#HPT","24629242-21a0-4fae-a901-e0235fd5f0dc"
"2022-02-20T09:42:20.210Z","9d836487-6ed7-49eb-8091-c46827f7eaee#HPT","253db40a-ef15-4912-b227-4a748ae0eb4d"
"2022-02-23T03:47:27.209Z","8d64f32c-ad5d-4ee8-afab-3906e8559cd1#HPT","314d0ba0-1146-4770-8c20-a6b41d2f72e9"
"2022-02-25T04:36:21.480Z","615355c7-958c-453f-a0ea-34778e0ee376#HPT","3611abe3-3249-412a-aa84-bd06210f8b2b"
"2022-02-25T12:52:41.647Z","d55ce46e-b9c4-4fce-8296-becc5b6ebeb5#HPT","409e8bdc-a106-4dc1-aa6e-cfb36429bab7"
"2022-02-23T01:11:25.699Z","3c845f36-0296-4e1a-aa23-f39690e36e71#HPT","41eadade-d7c8-47fb-a13b-09e9a9a5fe3c"
"2022-02-19T05:23:37.959Z","91d8efe9-02fb-4fb6-adfd-fd2d3daa916f#HPT","4801292f-7e86-44a1-a704-3ee05372da17"
"2022-02-23T11:10:55.527Z","fc168bd8-173b-4431-a98e-b0c531ab1450#HPT","5f532382-a714-4a43-9d99-844f90880179"
"2022-02-21T01:31:56.066Z","b512475f-52fd-4ff0-b8f8-6d6494aacaae#HPT","6a1ec7db-d6d5-4a7b-9f9d-7d18e2f93707"
"2022-02-23T06:05:03.319Z","3b96668c-6adc-423c-b77e-ca2706f52074#HPT","6ae58240-2e50-4eac-afc7-c52e35a111fa"
"2022-02-24T09:17:23.085Z","a43c165a-15e0-4808-b9f0-d1e46a2fd11d#HPT","6ee62e66-0a0c-46cf-9aa8-82117943a09a"
"2022-02-21T09:04:51.999Z","d69def0f-f03f-4a82-a07e-d55d0a633b9a#HPT","73bca831-0e83-4636-9f1b-547b8c8b49c5"
"2022-02-24T03:22:24.849Z","c13fd097-59d4-4262-a52b-d3a2b813ce0d#HPT","73f87b6f-ea70-4925-94e7-600708182817"
"2022-02-23T09:36:22.336Z","44487920-d333-4090-ae40-2e28f54184b9#HPT","7aa66bad-50ec-403c-9eb6-3ae630afbba5"
"2022-02-24T11:28:36.694Z","4b81edf0-b6b3-429a-8205-660ab645244a#HPT","7dc65707-0499-49e9-862b-2021540443cb"
"2022-02-20T02:55:10.761Z","6e81f72f-8c43-448f-8693-ff42e58d4749#HPT","88b76061-aab7-4d7a-9aec-11a1205de89c"
"2022-02-21T02:21:50.347Z","4e97610e-1dd7-427f-82b6-225ff62263bd#HPT","88fc306a-3536-4a9b-bdd2-e93c8e1959e1"
"2022-02-24T01:50:19.489Z","9bf274e9-37b7-4131-a673-7db75c44c8ec#HPT","8a22f837-2e7a-42b1-a7cd-fd638f1f3b4f"
"2022-02-20T06:59:57.613Z","74659ffe-c576-47b6-b209-3b37b140bc54#HPT","92307328-46a2-4594-b9c3-8e0d436f2108"
"2022-02-25T23:08:41.893Z","72ed43f8-c3ce-44a0-a56c-c56c1236fc7c#HPT","9ca889a4-3cb7-4e00-9b17-bb977f30de26"
"2022-02-23T01:14:05.356Z","5f9b1ee4-09df-49c3-8600-cd7d14ad791e#HPT","9db134ec-d71e-42f5-a0a7-ad5f2c525157"
"2022-02-22T09:43:10.031Z","fe147335-c982-47c7-9b1b-891827073f61#HPT","aa33ba2a-262b-4711-b88d-868364d96f8e"
"2022-02-24T01:45:49.498Z","609c7088-0acb-4d16-b495-57955128e533#HPT","ad1643c3-937b-48fb-9a5e-1fdae4d3ba9b"
"2022-02-24T06:24:34.537Z","0a801159-2770-47ac-8b7d-d68415175dd3#HPT","b1849d2a-fb91-4c8e-a600-1c4a2a77a9dc"
"2022-02-24T23:25:15.411Z","1f15b5de-3b2b-482a-af7c-84c9a1243b8f#HPT","b5821862-25b5-49bb-8d17-a9eda6a29a0a"
"2022-02-24T05:09:01.155Z","086f0ed8-f199-4042-b04f-7d0b26e04e79#HPT","bee28ada-534f-4f81-b15c-a7ae337af853"
"2022-02-20T06:14:16.234Z","70fb7999-7964-4fb9-8b5f-45305840ae99#HPT","c5fe8dff-8144-4029-a319-fc442a4cf688"
"2022-02-26T06:51:37.630Z","1e1fd573-1b48-410c-ae5b-99e19d67b464#HPT","d50b0c46-16b2-492a-9741-8ed4d066c4c0"
"2022-02-25T09:31:38.679Z","527c8367-654c-4086-90a9-061b8d59a8e4#HPT","ff6f283a-a508-47a7-8bff-35cd3524b9cb"
"2022-02-23T03:56:41.587Z","b4ee9f1e-e016-48e7-acdc-368edb4d93a9#HPT","ff86379a-dede-4215-86d7-b400de21898c"
"2022-02-24T03:55:37.628Z","06447eb8-df80-42f9-9c78-22ecc9a773b3#HPT","dac43d25-34a4-4501-9e04-1da046015c8a"
"2022-02-25T12:11:51.632Z","3f369f5e-5a15-47bc-afd4-116c71b5c84b#HPT","dd864c05-6a49-4610-b7c8-1cf1f4cc179f"
"2022-02-23T09:00:40.682Z","81604122-8937-4aff-97b9-3a3fefb7f37e#HPT","dfaa75b4-8712-4886-8313-fef058318bc0"
"2022-02-24T00:55:19.826Z","f549e062-4cbc-41c3-be3b-1d68bbcace44#HPT","e4b7ac7b-9652-4b16-9299-f09f1b997804"
"2022-02-25T22:54:18.844Z","bf7997ba-2928-48d7-a963-e57edc5ff369#HPT","e542a899-d340-4bd5-857e-927f1a7eeea9"
"2022-02-24T06:45:58.073Z","5af1108f-427f-4e00-8661-d652a7c317ad#HPT","8b3a34e9-96f6-40ba-bfce-13f6c1d341d5"
"2022-02-23T22:40:41.902Z","41c92006-4ed5-4ecb-9312-8b270eba276f#HPT","e8d04ea3-1248-4b37-be7e-54cdc69db392"
"2022-02-23T10:08:07.015Z","9564b8b2-83ba-4ac4-b1fa-a8217b139cff#HPT","8cde41f1-4a91-4c9f-aa0f-7d9bfdaee1aa"
"2022-03-01T01:58:43.230Z","036459df-e00a-486b-8ac1-836896d980ca#HPT","01bf0625-4e11-46fa-91be-2bf21c3df1e9"
"2022-03-02T11:48:12.519Z","5586902d-85d8-417a-bb92-3e7ea93052e5#HPT","02e7a289-3bb4-4591-a90e-184e61f6a271"
"2022-03-02T11:39:49.642Z","58495923-0c26-4b6c-ae20-c73257805038#HPT","12b6e0e8-2876-4523-ac07-ec4dab0c1d0e"
"2022-03-04T06:11:20.612Z","bccc0c9d-e6f9-419a-8f57-3d564a4424f2#HPT","14006cfb-df8f-4ea8-acdf-e2596380a859"
"2022-03-04T09:08:26.263Z","17598c7b-ebe0-4da3-9ab6-1739fc4db6f4#HPT","17cda716-ce8a-42b6-8fd9-2ad8c74d8ecf"
"2022-03-07T01:43:24.442Z","d768139c-f405-4c69-b82b-5c99a9bf47d0#HPT","199596ba-81c9-4efb-89dc-1f63d008bc8b"
"2022-03-04T00:45:12.270Z","dcd082e7-2662-4898-8cea-82132bd98bc5#HPT","1fb0fcae-b19e-443e-b43c-27ea3c34b1dd"
"2022-03-01T11:26:39.370Z","258ebab7-f382-4309-aac6-0a687b28bac1#HPT","21a88943-fc68-4312-a006-673dc8cbc6a4"
"2022-03-03T05:49:15.608Z","c69fe2f2-0a49-4d35-acd1-80d1f9ec08a1#HPT","2200c3de-5225-4b3d-bb2f-2a9039d902b3"
"2022-03-02T08:36:20.891Z","365c75ca-6808-41fd-b9a1-cc9ff10af8f7#HPT","23e59c85-9eda-4f9e-9b68-aebf7c3ef901"
"2022-02-27T09:04:26.603Z","773d5a2a-6585-4175-8a2d-2f4a3a6c1895#HPT","2795d261-17fc-4f29-88b8-693385b20463"
"2022-03-03T05:01:13.649Z","fe6125d2-d67d-462f-bd30-90dbb8b9a57a#HPT","2955188b-80e0-419f-a2a2-62d2f5c4b534"
"2022-02-28T13:48:13.346Z","9100f206-d9c7-4688-98f9-895d9e5b26ed#HPT","3503232f-627a-448c-9fcf-545afdff015a"
"2022-03-05T01:06:32.948Z","aacd872c-bb1e-4657-ac05-6a31471091a4#HPT","372d79c0-f31a-452e-a7d2-9f84a8694ff2"
"2022-03-03T04:26:26.582Z","3f4e59a3-4e32-459b-9b85-0811412e2ba5#HPT","422a26f0-4cec-47ef-ac56-ce6d3956a59b"
"2022-03-02T04:01:30.298Z","c329fcc3-6f4e-4b11-a689-d58a88f885d8#HPT","4a8e2cb9-f43f-4b15-8674-4a9fe80c9647"
"2022-03-05T01:38:49.879Z","66c2ea32-70e4-4f27-bd36-7899b718213e#HPT","4ab46f3a-8024-4fd7-aabd-c4e485a97d70"
"2022-03-03T00:55:33.669Z","756b8ac5-9da6-4f42-a5f4-e7e3905d8c8f#HPT","564f31da-8543-45b2-9b38-1fa27559b549"
"2022-03-04T00:42:50.717Z","5b2ffc51-000a-4893-ad9e-8766054435df#HPT","5a2e7357-611d-4d78-85e9-81d2aafc63bf"
"2022-03-05T07:32:46.891Z","b88a480c-0c92-479b-86ea-4f74b82a08a7#HPT","5aeebed2-4afb-4f8c-8e57-d36af95158b7"
"2022-03-04T09:29:33.724Z","91fd2523-4ebd-4ca3-96ea-7a53caee1c21#HPT","5c7954d3-3566-490d-807f-1b9df07f8d34"
"2022-03-04T01:24:46.263Z","78d74f06-bef8-41a6-97b4-3114b7581c4d#HPT","6084e409-f0e4-496d-8932-35a6a6bab3f6"
"2022-02-26T09:54:28.372Z","5096e594-b3ff-4c07-9e2d-38dab38a5e5d#HPT","641b8bf7-de98-4bec-91a5-9816a7542218"
"2022-03-03T07:20:20.233Z","0bce717d-9ef8-424b-872d-8c37e9289b58#HPT","6ecf95e0-1c07-46ee-8638-a16f8ac7654a"
"2022-03-04T05:19:08.202Z","e237e3e4-d84c-4449-b8af-80a9edb1c18d#HPT","731ee064-68f8-453d-8bf5-c9c1e02e2041"
"2022-03-03T05:30:34.252Z","a7dc60c2-90bc-4bc7-a699-1631ea251b92#HPT","7e032127-cde8-49f4-8983-db1298f30b34"
"2022-03-02T01:23:06.378Z","250e8e77-5b39-4cc0-98bf-f6ecba93e2f7#HPT","7e1798cd-c28d-4e9b-a691-d0c1d1e15083"
"2022-03-01T08:06:37.378Z","96667bb8-a590-4b8f-aaa2-9f12717b9c12#HPT","86889aa4-b12a-4a71-9842-784a7664d7f5"
"2022-03-02T04:44:37.676Z","be955e10-9612-4913-83ce-e570535af6c6#HPT","8884a1bb-d852-46ad-aa6c-bdc5ed7872e9"
"2022-03-05T05:47:49.820Z","d881f87f-20fc-4f8e-b709-4d65c3a56446#HPT","8d8e09a7-ec17-4003-afa6-bcc7b572a53e"
"2022-02-27T09:45:57.435Z","eac888a9-f1c0-464c-9e0a-fcab9e46f9ed#HPT","9b0b9044-dcc5-4bdc-968e-c62f2f6e34c3"
"2022-03-04T13:51:01.687Z","20671702-88f6-49c9-b8e9-174a39bda229#HPT","9f32afe4-75c8-431f-b0aa-7989a161bd4a"
"2022-03-05T12:20:59.802Z","859ad626-ec82-4ab6-84fc-fd7f25c97d4e#HPT","a337eaea-4671-4691-bf6a-e93ac34d3296"
"2022-03-03T10:00:14.170Z","a624ba0f-ef2e-4423-be3a-e3bbd4d453e6#HPT","aac7ac9f-80ac-44fa-864f-ee73b35b5989"
"2022-03-03T13:21:42.551Z","08a94ed3-4697-4f75-ada7-e7eb57bba360#HPT","b0f773ea-fdd5-4c43-b7fe-2628d5894395"
"2022-03-01T04:36:24.737Z","94d5daf7-5b26-42fd-ab18-446d2a2018fd#HPT","b1380643-2ee2-4905-bac9-54450e828806"
"2022-02-27T08:11:21.292Z","daa72323-c5f3-45f3-b1f5-b067c215c407#HPT","b149ccf8-91d5-4811-b50a-d5b6d6d2459a"
"2022-02-27T12:03:46.140Z","c1c1431d-4139-42b9-bcc6-5fd5d15efbf8#HPT","b37c86b3-edeb-43a1-9887-d15872347a22"
"2022-03-02T10:17:21.233Z","2c3cb0f9-eda9-4773-b8d7-ef50dce922ca#HPT","bb0c695b-92a2-4cfa-bc03-a4fadf6d30ff"
"2022-02-28T12:33:52.832Z","7239b19b-616a-44c8-9752-4917e8c2abfd#HPT","c46d5903-36b0-430a-89fa-c4b341f0f0f5"
"2022-02-28T08:22:42.350Z","ff434133-8817-426d-a62b-a5ec6f1d9b79#HPT","faaa5276-ada8-4124-ba4d-270e12b93d9a"
"2022-02-28T09:41:46.548Z","279597a2-8aab-4280-9856-51b3b7a2ff1f#HPT","ff0d96b7-7f17-4b0c-a328-12b89d1406be"
"2022-02-28T21:41:28.277Z","0bbfd792-ee17-4188-9864-339fb3c412d6#HPT","ce5ee041-adce-4639-b319-b7b2f2ca37ac"
"2022-03-02T06:44:48.148Z","4e1051cf-0564-4b85-b0cb-7cd5fe39ea3c#HPT","cfc40a72-42c9-4a9c-b9dd-bc32ebab4dcd"
"2022-03-03T09:43:06.543Z","ba1abb9e-9195-44eb-9d2c-157406369a67#HPT","d4f5c350-2257-49d2-833a-0db7607f1dfe"
"2022-02-27T03:01:38.539Z","ba9181e8-8416-450d-84ad-1ab82717e60c#HPT","db9d722e-8b58-4f72-b9c1-205a6a23cbdc"
"2022-03-01T09:40:19.118Z","d06f0413-ed0f-49de-8f1e-3c29feaa0b2e#HPT","e7e5894c-5624-4e2b-9386-9fd6a41921d7"
"2022-03-04T02:47:48.109Z","172a3941-0493-485d-896e-0d2fdc629656#HPT","96e9d88c-3f0a-4984-a737-44416fbf8e22"
"2022-03-03T13:44:43.666Z","1857ff10-9540-401c-9eda-d542321cf308#HPT","e9ec77a4-22fb-4dda-a4d2-ba3133a32e73"
"2022-02-28T05:31:50.794Z","19fe7d05-65f7-4cb8-9380-ead3899733a5#HPT","987f3cf6-7a4d-4a20-aa12-616a2ebbc248"
"2022-03-09T23:31:38.816Z","b7482a52-3bb7-47db-81bc-2664c8aee93f#HPT","02d9d42c-fa21-4dbc-8ca3-03b92183a44b"
"2022-03-11T12:36:20.332Z","1d6fb82b-3b97-44d9-a097-5bd10470553c#HPT","059e9a2c-cdda-440c-bfdc-1e593e04b164"
"2022-03-10T11:12:47.887Z","29e54968-2cea-4eb7-ad8c-7ed8b02785e7#HPT","061c3cbe-b13c-4eb4-b0f4-37b9f65dac97"
"2022-03-11T03:42:24.225Z","8e152ae9-f0c8-46ca-8172-dbae28222201#HPT","08206c12-564a-422f-8516-54e6db29ef61"
"2022-03-08T03:45:07.290Z","af1792e5-e9a2-4ed2-a0a7-81db48cccd46#HPT","0a6529a8-1bbb-45ae-be40-098085fcaa7c"
"2022-03-14T09:48:47.266Z","46d202ec-2f93-4b8f-a715-865ddcbf3486#HPT","0f11b4a1-8b96-4a3d-baf8-058af0eb066b"
"2022-03-11T06:01:34.524Z","f7c83fb0-49c1-4580-b4d1-0d46b91c5441#HPT","1521af03-e1e4-48a0-b0ce-a46484aaf4c5"
"2022-03-12T09:44:17.067Z","b844914b-cde1-4cd2-99e5-b09f1c23fe46#HPT","166bcd36-89df-4ff2-a138-42f003d1a5ed"
"2022-03-09T02:59:01.095Z","8273662b-2dd6-443b-8434-34bcfddf4b15#HPT","19288261-669d-4de4-b8ff-d8734fb35b22"
"2022-03-13T02:54:24.260Z","4e4a0723-e582-4b42-9c2d-10c115bb9c95#HPT","1b1f49c4-a3e6-47cb-b14f-7b969cbd244f"
"2022-03-12T02:10:00.916Z","41b7d5f3-7d15-4a05-9ad2-1f692438f9c7#HPT","1b412940-8d1d-4366-8ae5-a62ee0f6363f"
"2022-03-10T08:13:44.470Z","f58373ee-2af5-42c2-bf10-60d64701607f#HPT","1e367fd7-fee3-444f-8806-6bb3c366a48a"
"2022-03-09T07:32:57.168Z","5bd103a1-6897-4aca-923e-898449d97741#HPT","2750cba2-35f1-4827-a185-91311f66972f"
"2022-03-10T09:27:35.332Z","fd36e2e2-b0f9-4520-9a23-c9c8b9353129#HPT","27bc5fe6-b146-4bc1-8c47-95a131958915"
"2022-03-08T00:35:58.485Z","e6fe256f-86ed-475e-9ac2-bcfa20af4239#HPT","295cf067-747d-4bb3-9503-2c188932799f"
"2022-03-09T06:37:10.835Z","e332003d-29ef-4295-945d-2bff320d5cc1#HPT","33238ab1-a479-4ecf-b3ac-3dd61849621e"
"2022-03-08T08:44:42.786Z","00024396-44f5-4f99-aebb-5b647549bbb6#HPT","35f7eb2f-4d75-4b8e-abd6-880041b8b3e4"
"2022-03-08T11:44:22.744Z","d314602e-09c6-4548-936e-5c94dd42b4c5#HPT","3705d1c5-03d1-4267-92c9-4205fbf45f9a"
"2022-03-08T02:15:15.617Z","a302730d-aa12-494e-85f0-b0d00375680c#HPT","4977f655-2cff-4f7e-b94b-91414443a59a"
"2022-03-09T00:44:18.162Z","8a7823e6-98fe-4b1e-86f7-12c46a97f237#HPT","4ff9a4cd-744c-469b-b9cd-9244466cfd73"
"2022-03-07T03:11:11.283Z","4b30ff93-a066-44b3-a452-909f87d6bbf3#HPT","5133366a-8e5c-4f7b-ab3a-d2031caeebbb"
"2022-03-07T23:22:06.358Z","3363e8ad-d695-488f-afc2-8f07bf556a68#HPT","514938bc-af5f-43d0-8f48-99e77e0cb61d"
"2022-03-11T07:54:55.290Z","d15c6013-6a95-4610-b3dd-54bee4f7bafe#HPT","524e5a2e-c275-496c-93d4-38c8bbd0d85a"
"2022-03-08T03:35:51.072Z","640c5679-5381-4f17-b438-f8125d11aa1e#HPT","55004ddc-ade4-4bad-b5eb-e202b8ec7042"
"2022-03-08T13:10:24.723Z","06e57053-561c-4ca6-823b-21cee017f4d9#HPT","56dcff70-5e00-4442-b426-1ae3c013acb2"
"2022-03-11T11:28:49.681Z","41b3e318-7bb5-4602-bc29-ad81d1c094e9#HPT","68164315-197f-451e-9ea4-c041bad53ac5"
"2022-03-09T09:50:59.504Z","929ccb11-ff58-4115-b8fc-088dd4b8de14#HPT","68c8c883-937b-4c2f-8983-cd69af49d517"
"2022-03-11T02:30:59.833Z","5a3a23a3-4ea6-44ba-9243-658e4617ca1f#HPT","6a0b72c6-0b34-4464-a579-1536511174c1"
"2022-03-10T11:01:35.293Z","d02ffb65-9f59-4e1f-9bdb-75f231af3a57#HPT","791c54c3-d289-4233-885d-d86cdfcc596c"
"2022-03-07T05:12:17.617Z","61ac7b8c-e14b-4f99-a8f9-32a8db236da0#HPT","7d3c2ed6-2a56-4468-83db-9d81151de6ee"
"2022-03-11T05:46:57.841Z","d116fb61-90a5-49f7-b724-16537121d1b6#HPT","8c5b8bab-1f82-4caa-a816-bb8ada4b08bf"
"2022-03-09T10:24:43.828Z","90e3ab58-303f-4ca6-9e7c-c341d8cdfb03#HPT","93669d50-29b0-4835-9223-5776504cf973"
"2022-03-14T03:11:48.672Z","ab3acb74-a2ed-4904-b930-6e527f55e474#HPT","98eb7c59-7f71-480b-9ea4-7b2ce01c4ceb"
"2022-03-11T03:36:44.569Z","5a4c5e50-4e61-44ed-a352-5ae87a651bbe#HPT","9b1c90fc-b7af-41f9-83f8-0ed9a61d3169"
"2022-03-09T00:13:15.680Z","6c427de3-a3c6-41e5-9bfd-1472c5d0d09e#HPT","9dbe2f89-ea26-402b-851e-4348024eb21a"
"2022-03-07T01:44:57.681Z","705a9ada-b737-4de8-a96e-17140a191ac9#HPT","adc4a4bb-4e9b-406d-96e3-20e4dc30cb98"
"2022-03-12T00:24:44.608Z","fc2ca640-2dec-4be0-b97e-7a6bb6fff014#HPT","c3376db9-1c93-4a6f-a280-83378237671e"
"2022-03-09T22:52:21.101Z","2e5042fb-81ae-4d8a-8c8e-9bc68fd16c2f#HPT","c5d83d7e-e8cc-4f72-bbc3-48b86179c3c2"
"2022-03-08T22:26:20.285Z","2f57b639-c3e7-4740-8e40-89f5e18ebf0d#HPT","c68f70fd-a4d9-46e4-bd50-510f8ff7a715"
"2022-03-11T04:52:35.479Z","b336c3e1-de92-4c37-a240-7fb1868050dc#HPT","c8ec79d0-852e-4839-9f28-a788fcf9280d"
"2022-03-08T04:34:11.232Z","6b0adcb2-4fd4-41cd-a875-de64cd6d627a#HPT","f5bd59f2-fbfc-4078-a656-df27ee9cb5f7"
"2022-03-14T08:02:30.907Z","5005b1fd-501d-4b44-a2c7-812f49dbb5e6#HPT","fd05fb5a-6071-4bc6-8705-ac98035858f9"
"2022-03-11T04:51:10.138Z","80d99c23-43ff-47c7-acbd-3c801abe6187#HPT","da74a7c0-1103-423d-96b2-4f3162933b76"
"2022-03-09T01:19:52.918Z","d8d52655-eac1-4afc-9ad5-4f4437abe057#HPT","db1142a6-28d3-4172-b87c-f989ec45d0e2"
"2022-03-13T10:57:08.967Z","1f0f093b-d3b4-4853-ae8c-a2aa02cfcca4#HPT","dd757aa4-151e-404e-8013-f1a9be15312e"
"2022-03-12T09:00:32.517Z","5c53a511-ced3-4497-a52c-82ac557f6654#HPT","e8530329-3a3a-49db-beed-4da76f27ea87"
"2022-03-08T01:55:07.645Z","556af706-d7b2-48c8-895c-0be6e4d116bb#HPT","efaa8fd8-281e-4fd7-8d3e-e9651abe4199"
"2022-03-14T09:50:23.636Z","0ba40ed7-5390-4cf4-b249-aab940080859#HPT","7f756e36-9e5b-4bd2-8d55-fce56d2ed045"
"2022-03-13T03:14:08.500Z","2aeffe17-a0de-45e5-bbe6-4a31952e5fc5#HPT","f4c7ec37-80f2-4eac-be04-ef7ed1a55f52"
"2022-03-10T15:09:04.877Z","e9ecdf2f-51e8-450d-b657-b228a5cb4a51#HPT","83570e13-0b76-4051-8571-eb7eb89f4df1"
"2022-03-15T11:38:20.189Z","65e4d4e4-af3a-44c9-8149-214ca59c1eab#HPT","0176f3c7-1965-4d00-a3f2-9bce4fe0510f"
"2022-03-17T11:08:59.261Z","5fd00211-9ccf-4e05-8f38-2d21de26408a#HPT","055de975-11e8-43fd-a064-48391902312a"
"2022-03-18T06:55:05.939Z","b6953359-5965-4d8b-bb20-dc05579cfd72#HPT","090c5cf3-8244-4006-9ef6-f1e670e43c42"
"2022-03-17T06:39:58.064Z","4be59794-33d0-4002-867b-cd6fd3734334#HPT","137d339d-e76d-4df9-a85d-88ee77981a14"
"2022-03-18T09:49:24.350Z","f808c544-99d9-46c5-848f-713c4721c971#HPT","15942f10-6c7f-4032-bf4c-af95d3a08e5d"
"2022-03-17T00:07:21.567Z","e7224ed9-4cc5-448c-957d-a894b67f30ed#HPT","1e27ee20-b7b7-41d1-9010-dff0b8deb5e8"
"2022-03-18T09:59:31.644Z","99d1a824-554b-4644-9b48-aba7c90a96a9#HPT","297d0064-0682-412a-9286-d5da9dcf0a9d"
"2022-03-17T02:49:52.083Z","cc3b2389-2127-4764-b767-0505defd5e9b#HPT","2d058dea-b631-419f-a4ea-af81b3c6ea86"
"2022-03-19T01:08:35.346Z","03d042f2-616a-4b11-9882-ffe6493f3567#HPT","305571ed-0be6-428b-938d-b26e0818b572"
"2022-03-16T08:00:37.292Z","8893da44-556d-45de-8242-45034622dba2#HPT","371e2457-f97f-467f-aa6c-ec9473926edf"
"2022-03-16T09:51:41.701Z","c277d0f6-9304-40f6-b4e0-b4736f311309#HPT","373f55e1-adb7-49eb-accc-6db76d443c2c"
"2022-03-15T14:20:28.480Z","6960b280-3b34-41d0-8f8e-13d4796a2b66#HPT","408b2bd6-4af7-4750-b65b-249dfe8cc148"
"2022-03-17T06:46:00.154Z","4d2f9025-7cc4-4896-a97b-0cde5355e609#HPT","4240fea6-4f94-45d6-bf43-16d72c692f27"
"2022-03-18T21:45:06.642Z","2daab6da-362c-43ac-92ec-f1805c72a74f#HPT","4783c334-523d-49c5-974c-681c9e7bf73c"
"2022-03-17T07:30:52.284Z","5476c15a-849c-4043-baff-7966bc4f0d78#HPT","6298943e-f7ae-427c-be43-9d4236e5d953"
"2022-03-15T11:16:38.137Z","9aa10cca-81dd-4bee-b414-acfd119c1bce#HPT","63132f0f-88fa-4145-8018-6f9ad54f17ae"
"2022-03-16T07:34:59.490Z","581f64cb-4d86-4d5e-a3e4-a6a1a34b5856#HPT","66d14351-ed98-4b1b-922b-4e84f682187d"
"2022-03-15T23:49:50.059Z","b102f649-3925-41a5-982d-931c59a912ca#HPT","69156471-5658-4352-b0df-ca21fb203ea1"
"2022-03-18T05:12:28.567Z","e5b0666f-9533-47a6-9dce-b2e459f4afc0#HPT","6938188d-ad68-44af-b5cc-51882b37968b"
"2022-03-18T10:55:24.621Z","fc4f650e-b3e8-451b-a308-c4a4ef9d6db1#HPT","6debf914-f7f3-47ed-9255-03a142271a15"
"2022-03-16T05:47:18.453Z","64ac2049-ab67-444d-9431-c19acc7c1e81#HPT","760b9179-059f-4e98-94fc-e997c75425c2"
"2022-03-16T08:09:07.510Z","e4f4a7f1-038f-40d6-b8d2-95c3115b52a3#HPT","773cf17c-6c95-4b60-aacc-e6ff74ac0d3e"
"2022-03-15T11:54:10.856Z","6f598d96-4501-4b35-95b3-342d07be042a#HPT","787b5049-7a05-405d-8181-3c8c9e8794be"
"2022-03-15T00:25:39.191Z","e607eed0-3d6b-4025-af00-30d081d6666c#HPT","7ad93de3-773c-48a7-8a56-0623b0ad6ad4"
"2022-03-16T03:08:19.557Z","8f7620e6-3b40-495c-a625-86bbd01816b3#HPT","827ee7c6-bb79-45aa-9e5b-e785c8930c47"
"2022-03-16T06:23:56.525Z","60a40149-cd6d-41d1-aea4-58feb87a895d#HPT","85aa33e0-f7d4-48ad-abd6-3e68db936dab"
"2022-03-16T00:42:00.344Z","b554b3a1-131c-4f02-84a3-b6a73eb4989e#HPT","85bf2b07-b26d-43d9-b1b0-b1de6adb24d4"
"2022-03-15T00:40:32.746Z","59e1a321-670d-4628-b8ec-34a99ee0e4ca#HPT","8c617405-d9ef-4509-8347-9ff990fa3cb6"
"2022-03-16T22:58:45.048Z","06e6cccc-73d1-499b-b676-7eaeeb995b04#HPT","8d4c93b3-2d73-4ff4-86ae-d18060702d0e"
"2022-03-15T13:08:56.903Z","77d8fed2-7147-41c2-b67f-8ebe2cbbedea#HPT","8ff0c611-02fe-46fe-a6c2-fbcfe272ff4e"
"2022-03-16T01:55:41.290Z","ed77cba4-21f9-4aee-840b-cff58b3dbbc6#HPT","aa4c070d-1167-4c6b-a057-ae42eb57089f"
"2022-03-16T20:30:37.053Z","287f3c05-b9a7-4f5b-8c8a-1d27249da69d#HPT","b084e5db-638b-4f0d-8d7a-dde2bfa2c31f"
"2022-03-17T23:42:11.763Z","b7b81a4f-a5a3-4d1b-9913-80f0c066d3f5#HPT","b5ae42da-ea9b-45cd-8f05-82c3cde919e9"
"2022-03-18T01:39:39.670Z","326eba34-7985-e811-a51b-065f382ed518#HPT","b75f5f51-7496-43eb-9100-11376c15cb53"
"2022-03-17T02:02:52.650Z","357e02f2-aa89-4ce2-82a2-cdc9d8d4bb9a#HPT","b85dc727-c9fe-428c-95ea-d47f20eb763b"
"2022-03-14T13:21:13.834Z","76d77b55-8a6a-43c7-b30a-165f06c40f88#HPT","bac0bb91-5711-44a3-b246-a955743c7f85"
"2022-03-16T04:25:43.777Z","cc26b79d-da9a-4cc8-8903-3868f85b4929#HPT","c0d58af8-caf5-4b6e-9048-fa9cc741d9dd"
"2022-03-15T10:43:19.636Z","2b3d10b1-3445-456c-8008-06aa0b7c17fe#HPT","c2154beb-660b-472f-81b1-274d6b8e336f"
"2022-03-15T02:16:33.416Z","edb69918-2efa-4bef-840e-43e2526fdce8#HPT","c38682f2-7f9d-4276-bdb1-795609c5408b"
"2022-03-17T01:00:01.635Z","8aed3198-152d-48d2-a508-3fcc22f7fae2#HPT","d0bb0e56-fb44-4585-a9cf-f9bf95d04032"
"2022-03-16T14:21:41.086Z","3084c0b9-3e31-4068-b5d5-e75f4910b309#HPT","f8bcfc70-999d-46e2-bdb1-0274ab5353b8"
"2022-03-18T01:06:10.166Z","b1a11b87-c0c7-4a20-bb19-8e002525bcc2#HPT","fd64faf7-fcc1-48cb-9feb-0fa851b41390"
"2022-03-15T03:34:36.224Z","dade0479-fd47-4abf-802c-448115b6122b#HPT","d520c6a5-13a8-44e4-94b4-61e2626f5cbf"
"2022-03-16T01:09:58.399Z","9c939d8c-958b-4c5e-ac96-a3f6add983d7#HPT","d9f23836-961e-47d7-8b75-4007dcedc244"
"2022-03-17T10:16:16.823Z","dddc5f6d-9e21-4ba2-b424-f4441b2c9d23#HPT","e42042ba-04e6-42b2-b239-bfcd756f4f43"
"2022-03-14T10:58:30.711Z","35359310-5aee-4919-a3a2-60fd3d235d47#HPT","e5af81ab-cc29-4814-8276-d1128a78f948"
"2022-03-15T09:53:44.523Z","0278cd73-e9be-403a-ba90-4d2f7ae55838#HPT","eb00c3d0-4551-46df-8905-c37c4b576359"
"2022-03-17T21:38:19.434Z","cdd45827-518e-485b-994c-19cda6315a7f#HPT","972f479e-ab72-44d5-888c-737827b5d27a"
"2022-03-17T08:08:36.176Z","897002ac-417d-4725-9cec-9a11c78d4352#HPT","f0f7978b-a7e7-48d8-b3ef-91fa9ad535ee"
"2022-03-17T11:48:32.554Z","73d5ccbe-e4fa-4d15-beca-d976973a2704#HPT","9e6ee57a-c153-4129-806e-c35389b07056"
"2022-03-19T22:05:44.681Z","86185bfa-f2db-4502-ad84-b57b9a9a7e17#HPT","07605323-ccd0-470f-82cf-28a71e5f2034"
"2022-03-21T03:02:57.200Z","9c88ad61-9336-4799-904c-f38749ab5ee6#HPT","0b0d6fcc-6a28-4861-9ea0-cbf5abcac639"
"2022-03-19T02:25:39.235Z","2b868b8e-bb99-4e61-9765-7e347f40a05a#HPT","0b9e1988-0da1-46a9-af82-91c4ed404f06"
"2022-03-21T05:32:00.173Z","8aa243ac-6867-451a-9344-40a75b9f18be#HPT","17f80919-f3d0-42e9-82db-6bdbe0cb1ece"
"2022-03-21T22:56:20.674Z","5db3b660-3eab-4e0f-9f0a-ea03c710eadd#HPT","1ab69930-3bd6-49d5-86bb-6b60d79df982"
"2022-03-20T13:25:48.407Z","c0941d02-ec7e-430f-8861-e9ecbb4b8ea2#HPT","1c552603-0f27-498f-a3d7-b1016f8e7f21"
"2022-03-20T01:29:48.971Z","e881951c-ebdc-4a5c-9224-b78e4b407aec#HPT","2f539a61-db72-43d2-bdcb-40610adc5ec3"
"2022-03-21T09:23:54.052Z","5f9be8f9-72b2-44da-9e07-cfc00b55e479#HPT","30df32a8-4b21-42df-abc4-97b5e9162428"
"2022-03-21T23:29:36.451Z","1ea50e7f-4488-409d-a262-4c411d316fd6#HPT","31b240e6-285b-443d-9ad7-007763e624d1"
"2022-03-22T00:56:02.501Z","454279d5-46e8-43a1-b7e9-acf66b42d2f1#HPT","32aec0d0-50b1-4b7c-8240-ba5856a90170"
"2022-03-19T20:51:56.648Z","db1fc3c3-63b8-4c91-a6f9-e6f1c3b4bea8#HPT","360dd731-e009-4e1f-b7d9-4b510253eb07"
"2022-03-19T22:53:16.013Z","61f1ba7d-5b03-421a-926f-c24331c79fb1#HPT","389711d3-9d3c-45d4-b06a-56d36f13db36"
"2022-03-21T10:47:03.044Z","c8767dc4-0f17-4158-8aa9-d523d415c83d#HPT","42f1300a-1887-408f-8d63-e7dc36e38f68"
"2022-03-21T23:21:25.323Z","9769de4c-26d1-436b-818c-5126274b1476#HPT","448b38b4-bff2-41a9-8f9f-0378c528c707"
"2022-03-21T02:04:37.877Z","2b331813-ca06-4da4-be94-90296cd86cdb#HPT","4638a29a-cdda-44e8-9939-c7546d74308e"
"2022-03-20T10:55:12.026Z","d51a1b81-540e-44ef-a04b-819faf7b0f5a#HPT","4bf6604f-9936-442d-b2c9-a94e2f80b3d6"
"2022-03-19T23:18:24.384Z","375d673d-d9ca-4faf-bd3e-212a2b16138e#HPT","4d5e4f4a-6035-4a89-b6bd-0e897edba8c9"
"2022-03-21T02:26:20.130Z","2429fb33-8610-4cd0-8a6e-58029dd9ed30#HPT","59f528c9-9d4f-4825-b053-e09774f62381"
"2022-03-21T08:04:03.305Z","37d8556c-8045-4f18-992d-87303cce0bb6#HPT","5bedc43b-816a-4ab2-9199-2fec7f7f8e56"
"2022-03-20T09:08:53.616Z","6e65d443-b284-4850-988d-ac8e88154d31#HPT","63956051-a947-4f4f-8768-e6049ff52260"
"2022-03-20T02:12:22.883Z","62927a56-4132-4160-9664-4a0e37605505#HPT","6d88bd5a-da58-4043-821c-afe0e179564e"
"2022-03-21T01:15:06.724Z","1c6a1871-0f9d-4c7f-aa97-312b3f7d7bfa#HPT","6e4902d8-800a-45c9-bf6f-f0378ad3f06b"
"2022-03-21T05:07:40.239Z","a33c33d8-2479-45c4-aed7-ff15fc9787ec#HPT","73b1e8a9-d250-49f1-b815-cab3019a3296"
"2022-03-21T03:51:23.138Z","baaa79ef-3bc9-4ef3-be82-793eeb27999a#HPT","784f3477-a573-487c-9047-ad67c93af505"
"2022-03-21T03:40:26.058Z","313842bb-de8d-411d-8eaf-aeb8f7b00a74#HPT","7cc37174-0df8-47c0-89be-2282339063d7"
"2022-03-21T11:55:58.096Z","2f15809c-ad9e-482e-8cee-95c4bb7b67c0#HPT","8031a636-9756-46dd-8e96-c1629c736129"
"2022-03-21T05:39:49.988Z","8132962b-3db2-4022-8f25-57f804c3841f#HPT","8222f526-e069-4a60-bf3c-a2c7e9d7de41"
"2022-03-21T07:12:25.329Z","199e03dc-880f-4eb7-b8e6-69a0d69ea0a9#HPT","874fcbd1-4b33-4ef6-bc4e-dae84e0c6030"
"2022-03-21T03:33:28.387Z","7472669d-665a-4706-917f-957f926899e3#HPT","8d44934d-5657-4e66-937a-87e363dd28a1"
"2022-03-19T10:28:21.631Z","0c5d81be-7924-4e37-b582-9d45e77ed56a#HPT","909b4b06-1ef2-4ece-b3ab-04f72fe9ba5a"
"2022-03-19T05:32:27.127Z","d679c1a2-c8b3-4533-9856-40b9d9d3d040#HPT","9cfd61d5-8069-4fa1-af62-24b0adca6a07"
"2022-03-22T00:48:43.818Z","621f2871-2f78-4876-9b01-cd8910e6bb36#HPT","9d75d4fa-cc17-4a8e-9f50-cae912c97da3"
"2022-03-21T23:28:17.348Z","5beed9dd-2f1a-486e-a6f7-d07e40f50f4b#HPT","a0f35980-4c18-40d7-ab13-1f7862bd4ba2"
"2022-03-19T04:38:14.939Z","336c5f65-f6ea-45e2-8c41-ac3fbcf10d71#HPT","aa67c72d-4159-4f13-a77c-08fc95d0e2f6"
"2022-03-21T03:09:55.511Z","81bdaa38-7c61-4751-ae01-1fea5bbb7062#HPT","ada54d24-29c5-4dd1-9636-5ef4b13abed0"
"2022-03-20T08:10:31.805Z","b14ae57d-0adf-4bc6-99ce-851b9c7a17e5#HPT","b04b5167-0f20-4227-8fc6-4beb0b696a2c"
"2022-03-21T22:04:55.555Z","1c700ef0-342b-4ba2-b8e2-04ff115c2960#HPT","b3390fff-926d-44ed-9dca-3503653ed2f1"
"2022-03-19T23:35:54.176Z","fbb8d2bd-2f53-4c9c-8083-ea85dfbf3598#HPT","b7eba4b2-94bd-498d-8282-f0187dc9520d"
"2022-03-21T08:14:21.604Z","d51e0e72-7297-e811-a51b-065f382ed518#HPT","b91691eb-46d7-4485-9980-4008a6d48b6d"
"2022-03-20T08:05:26.380Z","4e774d63-0e3a-4b1d-85ff-3dc0e64d18e9#HPT","bcd21d64-1e0b-47b6-a4d8-67787be8d987"
"2022-03-21T11:07:06.471Z","93a110f6-5bfb-457f-b470-c278dc65682f#HPT","e31396f4-486c-44b7-b8bf-59f26e86bdf1"
"2022-03-20T01:06:57.388Z","f4fbba13-b4e7-4e8f-b4e9-84333aefaa9e#HPT","fb52c1d6-d075-4bf0-b49c-7bd95559a25d"
"2022-03-20T04:08:04.797Z","6177a9e0-7071-4adb-9853-60262243a2a0#HPT","c9e904af-7db6-4b20-9ef0-8ff4a1684d37"
"2022-03-21T02:50:26.331Z","502c0a35-7106-4a37-9bf1-da726dbda1c6#HPT","cb7b0217-a9de-44dd-b38f-c36bbf2d10ec"
"2022-03-21T22:03:59.291Z","3405474b-aa7d-4ccc-98d7-d226e4e34c74#HPT","d3566940-02cc-43b8-8b98-1153d0569e26"
"2022-03-21T01:55:57.599Z","2c07568a-9541-4515-93c5-d6ff78f591d1#HPT","d3c29f8f-70e9-4b95-9b5c-41b902e56139"
"2022-03-21T07:09:39.739Z","81c6d052-42a5-41b6-b606-9a9fd7f016db#HPT","d55b9b7c-caad-460c-9a1f-bfb26ae94ac1"
"2022-03-20T02:08:05.500Z","f703f666-e414-432b-acea-7f4e27a7de4e#HPT","98370f53-392a-4c8b-9e21-540e678f1b3e"
"2022-03-21T23:56:01.273Z","a15d5d21-162c-4f77-86a5-399c783592f9#HPT","dd72e3cf-d4aa-4a0e-8a51-c1098f94800f"
"2022-03-22T00:55:11.712Z","5701e983-c946-41d2-9fd0-98724b6f7a37#HPT","99e213e1-23d1-470b-b1e0-27ef4f081084"
"2022-03-22T00:57:47.800Z","48456c13-bfc2-4980-a534-7498d58f6629#HPT","43a63763-0068-4881-a575-df30b4901b2d"